id,X,Y,Centroid X µm,Centroid Y µm,Nucleus: Area,Nucleus: Perimeter,Nucleus: Circularity,Nucleus: Max caliper,Nucleus: Min caliper,Nucleus: Eccentricity,Nucleus: Hematoxylin OD mean,Nucleus: Hematoxylin OD sum,Nucleus: Hematoxylin OD std dev,Nucleus: Hematoxylin OD max,Nucleus: Hematoxylin OD min,Nucleus: Hematoxylin OD range,Nucleus: Eosin OD mean,Nucleus: Eosin OD sum,Nucleus: Eosin OD std dev,Nucleus: Eosin OD max,Nucleus: Eosin OD min,Nucleus: Eosin OD range,Cell: Area,Cell: Perimeter,Cell: Circularity,Cell: Max caliper,Cell: Min caliper,Cell: Eccentricity,Cell: Hematoxylin OD mean,Cell: Hematoxylin OD std dev,Cell: Hematoxylin OD max,Cell: Hematoxylin OD min,Cell: Eosin OD mean,Cell: Eosin OD std dev,Cell: Eosin OD max,Cell: Eosin OD min,Cytoplasm: Hematoxylin OD mean,Cytoplasm: Hematoxylin OD std dev,Cytoplasm: Hematoxylin OD max,Cytoplasm: Hematoxylin OD min,Cytoplasm: Eosin OD mean,Cytoplasm: Eosin OD std dev,Cytoplasm: Eosin OD max,Cytoplasm: Eosin OD min,Nucleus/Cell area ratio,cell_count
14AH02822-3-H&E-PYN-Lvl-1.txt,9.0,12.0,1159.729411764706,1592.9529411764706,19.736470588235292,17.138470588235293,0.8197058823529412,6.363011764705882,4.099585294117647,0.7276088235294118,0.3725176470588235,83.50176764705883,0.12642058823529412,0.6707735294117647,0.1116029411764706,0.5591794117647059,0.12497941176470588,27.62620294117647,0.055473529411764706,0.2505882352941176,-0.025111764705882354,0.2757029411764706,68.06382352941176,31.316761764705884,0.8485382352941176,11.319373529411765,7.9140911764705875,0.6766411764705883,0.1545264705882353,0.1755264705882353,0.6739205882352941,-0.08574705882352941,0.1632941176470588,0.06842647058823528,0.31474117647058825,-0.04844117647058824,0.06244117647058824,0.08869117647058823,0.38382058823529414,-0.08574705882352941,0.18114411764705882,0.0612,0.3134411764705882,-0.005064705882352941,0.2903058823529412,34
14AH02822-3-H&E-PYN-Lvl-1.txt,9.0,13.0,1186.6552631578948,1651.8999999999999,24.61263157894737,19.73445263157895,0.789928947368421,7.334286842105263,4.614802631578947,0.72705,0.36348684210526316,100.18767631578947,0.1247342105263158,0.6749157894736841,0.11637368421052632,0.5585447368421053,0.09702105263157894,27.11432894736842,0.056455263157894744,0.22827105263157896,-0.06776578947368421,0.2960315789473684,78.79026315789474,34.08106315789474,0.850071052631579,12.356818421052632,8.547339473684211,0.6931263157894737,0.15687894736842106,0.16478421052631578,0.6749157894736841,-0.07652631578947368,0.13998684210526316,0.06720526315789473,0.2880236842105263,-0.0780421052631579,0.06853947368421053,0.0775,0.3142657894736842,-0.07652631578947368,0.1585842105263158,0.05910526315789474,0.2880236842105263,-0.009405263157894738,0.3093657894736842,38
14AH02822-3-H&E-PYN-Lvl-1.txt,9.0,14.0,1179.9925373134329,1832.597014925373,22.564477611940298,18.8486776119403,0.7911417910447761,6.993770149253732,4.371335820895522,0.7316194029850747,0.49899104477611944,126.29068507462686,0.17568955223880597,0.8850850746268657,0.14754776119402985,0.7375373134328358,0.07446716417910448,19.51848805970149,0.06680298507462686,0.23336417910447763,-0.09954328358208954,0.3329044776119403,77.19179104477612,33.16834626865671,0.8622059701492537,11.915205970149254,8.493588059701493,0.6632029850746269,0.1985223880597015,0.23488059701492536,0.8936746268656716,-0.08955223880597014,0.13748358208955222,0.07951940298507462,0.305110447761194,-0.10871343283582088,0.06985671641791044,0.09829253731343283,0.4321582089552239,-0.08955223880597014,0.1658358208955224,0.06222686567164179,0.3044746268656716,-0.011617910447761193,0.2916492537313433,67
14AH02822-3-H&E-PYN-Lvl-1.txt,9.0,15.0,1198.0866666666668,1929.172380952381,22.43657142857143,18.457650476190476,0.8252761904761905,6.943418095238095,4.339154285714286,0.7188619047619048,0.5153419047619048,129.07784761904762,0.19037904761904761,0.9178999999999999,0.14363238095238096,0.7742561904761904,0.08627142857142858,23.409238095238095,0.06600285714285714,0.23766190476190477,-0.08430095238095238,0.3219647619047619,79.08342857142857,33.50539428571429,0.8668542857142857,12.03902857142857,8.713380952380952,0.6327257142857143,0.17980761904761905,0.25224380952380954,0.9189009523809524,-0.10601619047619049,0.15591047619047618,0.08259904761904763,0.3315323809523809,-0.09277142857142857,0.04075809523809524,0.09564571428571428,0.4171552380952381,-0.10601619047619049,0.18456285714285714,0.06463619047619049,0.3310666666666667,-0.004423809523809524,0.28406,105
14AH02822-3-H&E-PYN-Lvl-1.txt,10.0,10.0,1355.5666666666666,1355.6533333333332,20.55,17.703626666666665,0.8152666666666666,6.41412,4.231633333333333,0.7021533333333333,0.5072800000000001,121.31938,0.16705333333333336,0.9235666666666666,0.17542666666666668,0.7481266666666666,0.06774666666666666,15.9817,0.06644,0.22056666666666666,-0.11692,0.33748,72.894,32.43597333333334,0.8529266666666667,11.54932,8.423933333333334,0.6242466666666666,0.2404,0.2139666666666667,0.9322266666666666,-0.05894,0.13450666666666666,0.07355333333333333,0.28352,-0.12481333333333335,0.13854,0.11316666666666667,0.5083466666666667,-0.05894,0.16003333333333333,0.05742666666666667,0.28352,-0.03440666666666667,0.27482666666666666,15
14AH02822-3-H&E-PYN-Lvl-1.txt,10.0,11.0,1347.5382352941178,1433.0,26.45735294117647,21.80657941176471,0.7019676470588235,8.20169117647059,4.583017647058823,0.7924176470588236,0.5399382352941177,166.74513529411766,0.13046764705882352,0.8653529411764707,0.25674117647058825,0.6085970588235294,0.10179117647058823,28.753341176470588,0.055632352941176466,0.23511470588235295,-0.05999411764705882,0.29511176470588235,82.8714705882353,35.53000882352941,0.8123735294117647,13.091482352941178,8.557544117647058,0.7282205882352941,0.3059735294117647,0.20982352941176471,0.8766882352941177,-0.06638823529411765,0.15562647058823528,0.07799411764705882,0.32023235294117647,-0.09755,0.19123529411764706,0.1291970588235294,0.5864882352941176,-0.06638823529411765,0.18282352941176472,0.06667352941176471,0.32023235294117647,-0.02881470588235294,0.3204235294117647,34
14AH02822-3-H&E-PYN-Lvl-1.txt,10.0,12.0,1327.262857142857,1570.9914285714285,23.814,19.97746,0.7473514285714286,7.591034285714286,4.37754,0.7762685714285714,0.44962857142857143,128.95326285714285,0.09888571428571429,0.6929085714285714,0.22383142857142857,0.4690657142857143,0.1289685714285714,32.634214285714286,0.04492,0.23442000000000002,-0.0004885714285714295,0.23491428571428571,72.19028571428571,32.98186571428571,0.8184857142857144,12.213757142857142,7.851394285714287,0.7289057142857143,0.2718114285714286,0.16645142857142858,0.70216,-0.027554285714285715,0.16782,0.06059714285714285,0.30576857142857145,-0.02012,0.17930571428571426,0.10645714285714286,0.48141999999999996,-0.027554285714285715,0.18876285714285715,0.05338285714285714,0.30576857142857145,0.019860000000000003,0.3244114285714286,35
14AH02822-3-H&E-PYN-Lvl-1.txt,10.0,14.0,1344.2214285714285,1864.25,23.097857142857144,19.42452857142857,0.7625857142857143,7.374335714285714,4.289435714285714,0.7903785714285715,0.5904571428571429,162.02647142857145,0.18357142857142858,0.9942142857142857,0.17850000000000002,0.8157142857142857,0.07192142857142857,19.229585714285715,0.07232857142857142,0.24325,-0.1357,0.37896428571428575,73.43357142857143,33.02366428571428,0.83825,11.857971428571428,8.3451,0.6691071428571428,0.3069285714285714,0.24517857142857144,0.9942142857142857,-0.043949999999999996,0.14157857142857141,0.09645714285714287,0.33514285714285713,-0.15112142857142857,0.16767857142857143,0.12507142857142856,0.61015,-0.043949999999999996,0.17924285714285712,0.07877142857142858,0.33514285714285713,-0.052764285714285715,0.3136571428571429,14
14AH02822-3-H&E-PYN-Lvl-1.txt,10.0,15.0,1312.9065934065934,1933.49010989011,26.564835164835166,20.723173626373626,0.7701384615384615,7.86164945054945,4.569048351648352,0.7689450549450549,0.5317912087912088,167.15811428571428,0.1531978021978022,0.864743956043956,0.19982857142857144,0.6649186813186814,0.11417472527472529,33.7794,0.054483516483516486,0.24626813186813187,-0.039660439560439555,0.28593296703296706,83.10461538461539,34.862637362637365,0.8415648351648353,12.798462637362638,8.625897802197802,0.6996032967032967,0.2606769230769231,0.22716813186813187,0.8714230769230769,-0.07273076923076924,0.17290769230769232,0.07738791208791208,0.33694505494505494,-0.05851868131868131,0.13060109890109892,0.11324835164835165,0.5049604395604396,-0.07273076923076924,0.2019120879120879,0.06445274725274724,0.33624615384615386,0.003785714285714286,0.3179142857142857,91
14AH02822-3-H&E-PYN-Lvl-1.txt,10.0,16.0,1343.4625,2035.453125,22.2046875,18.87250625,0.777584375,7.32414375,4.11944375,0.7767968749999999,0.4854,128.81419375,0.14144375,0.7998625,0.1820625,0.617796875,0.13608125,32.423475,0.050221875,0.259640625,-0.002590624999999999,0.262234375,69.51375,32.66641875,0.80763125,12.169071875,7.89265625,0.714928125,0.22105625,0.217996875,0.7998625,-0.090534375,0.201,0.0732,0.354275,-0.009087499999999998,0.09454375,0.10473125,0.41306875,-0.090534375,0.23329375,0.0549375,0.354275,0.062815625,0.316378125,32
14AH02822-3-H&E-PYN-Lvl-1.txt,11.0,9.0,1482.229411764706,1195.9941176470588,22.732941176470586,19.004164705882353,0.7731882352941176,6.954435294117647,4.521823529411765,0.7314823529411765,0.43732941176470586,118.69015882352942,0.10800588235294117,0.6897176470588234,0.1986058823529412,0.4910941176470588,0.13995882352941177,35.04149411764706,0.04511176470588235,0.24456470588235296,-0.0031941176470588243,0.24775882352941175,76.07117647058824,32.77283529411765,0.8630058823529412,11.435029411764706,8.83665294117647,0.5694176470588235,0.2600705882352941,0.1640529411764706,0.6963999999999999,-0.03818823529411765,0.17887058823529411,0.05820588235294118,0.3125294117647059,-0.024270588235294117,0.17581176470588233,0.10758235294117646,0.5478941176470588,-0.03818823529411765,0.19765882352941175,0.05155882352941177,0.31222352941176473,0.009523529411764703,0.29820588235294115,17
14AH02822-3-H&E-PYN-Lvl-1.txt,11.0,10.0,1445.4861702127662,1327.863829787234,24.150638297872337,20.18416914893617,0.7471148936170213,7.67572659574468,4.432940425531915,0.7830521276595744,0.5500106382978723,157.4684265957447,0.16692127659574468,0.9209329787234043,0.19246382978723403,0.7284691489361702,0.09390106382978725,24.868556382978724,0.06684361702127659,0.24224787234042552,-0.09126063829787234,0.33351276595744683,76.74797872340426,33.64076170212766,0.8323893617021277,12.205698936170213,8.51678829787234,0.6738500000000001,0.2666574468085106,0.2385255319148936,0.9216617021276596,-0.06888617021276595,0.14066170212765958,0.08981595744680851,0.32333723404255316,-0.12271702127659574,0.12888617021276597,0.11425531914893618,0.5066117021276596,-0.06888617021276595,0.16566170212765957,0.0806031914893617,0.3228095744680851,-0.04803297872340426,0.3149276595744681,94
14AH02822-3-H&E-PYN-Lvl-1.txt,11.0,11.0,1438.7945205479452,1437.7308219178083,21.572876712328767,18.46053219178082,0.7937328767123288,6.921451369863013,4.235208219178083,0.7465623287671233,0.5616568493150685,140.9901075342466,0.19005479452054796,0.9788520547945205,0.18046301369863013,0.7983931506849314,0.06323356164383562,15.910049315068495,0.08021438356164383,0.23935068493150685,-0.14993287671232877,0.3892890410958904,73.71,32.86013424657534,0.8421486301369863,11.910882876712328,8.39335,0.6619541095890411,0.23530958904109592,0.25752191780821915,0.9854554794520547,-0.08613287671232876,0.13090616438356165,0.09042602739726027,0.3148294520547945,-0.16477534246575343,0.09635753424657535,0.11586301369863014,0.5120335616438356,-0.08613287671232876,0.1601958904109589,0.07230479452054794,0.3142787671232877,-0.06558082191780822,0.2879787671232877,146
14AH02822-3-H&E-PYN-Lvl-1.txt,11.0,12.0,1446.5518248175183,1558.297810218978,21.86671532846715,18.738391240875913,0.7861934306569344,7.091217518248175,4.1941467153284675,0.7394489051094891,0.5072642335766423,128.3400394160584,0.18536204379562043,0.9169751824817519,0.14986569343065695,0.7671102189781022,0.08087007299270073,19.807560583941605,0.06762700729927008,0.2341299270072993,-0.09487153284671533,0.32899781021897806,74.51868613138686,32.98242335766423,0.8458138686131387,11.981513138686132,8.377817518248175,0.6610802919708029,0.19876861313868613,0.24418540145985404,0.9191686131386861,-0.09935985401459854,0.1426014598540146,0.08198759124087591,0.32205255474452554,-0.10506642335766424,0.06556861313868614,0.10481532846715329,0.43242335766423357,-0.09935985401459854,0.16932919708029198,0.06802481751824817,0.3218583941605839,-0.02623138686131387,0.29075985401459853,137
14AH02822-3-H&E-PYN-Lvl-1.txt,11.0,13.0,1451.5823529411764,1689.8205882352943,24.501176470588234,20.007444117647058,0.7587117647058823,7.6105607843137255,4.364406862745098,0.7777705882352941,0.471506862745098,134.54169411764707,0.15055882352941174,0.8105029411764706,0.1550294117647059,0.6554715686274509,0.10910882352941176,29.533006862745097,0.060021568627450984,0.25035686274509805,-0.05274803921568628,0.30310196078431373,78.0264705882353,33.78696568627451,0.8312294117647059,12.409936274509803,8.445922549019608,0.683570588235294,0.21237156862745096,0.21586372549019608,0.814528431372549,-0.08582843137254902,0.1653,0.07382254901960784,0.33355098039215686,-0.061985294117647055,0.08947254901960786,0.10277156862745097,0.4482343137254902,-0.08582843137254902,0.19243725490196076,0.058626470588235294,0.33269313725490196,0.014919607843137256,0.31293333333333334,102
14AH02822-3-H&E-PYN-Lvl-1.txt,11.0,14.0,1440.5351063829787,1817.3425531914895,25.712234042553188,21.15224255319149,0.7346925531914893,8.105339361702127,4.46275744680851,0.789327659574468,0.46188829787234037,133.24026382978724,0.15869148936170213,0.8136287234042553,0.13037021276595745,0.6832617021276596,0.13421170212765957,40.3780744680851,0.05961595744680851,0.2707787234042553,-0.020467021276595745,0.2912436170212766,83.64159574468086,35.1994829787234,0.8336585106382979,12.903043617021275,8.691417021276596,0.7018287234042554,0.20355425531914895,0.2125946808510638,0.8186031914893618,-0.09170319148936171,0.1886340425531915,0.07633617021276597,0.35136702127659575,-0.041469148936170215,0.08816063829787235,0.1004468085106383,0.43123617021276595,-0.09170319148936171,0.21343085106382978,0.0638404255319149,0.3509617021276596,0.02626489361702128,0.3065,94
14AH02822-3-H&E-PYN-Lvl-1.txt,11.0,15.0,1433.1929203539821,1926.8628318584072,21.936902654867257,18.33631238938053,0.8091132743362832,6.860261946902655,4.277245132743363,0.7278221238938053,0.4640203539823009,117.24263982300884,0.16565486725663717,0.8207176991150442,0.13293274336283187,0.6877823008849557,0.12227964601769913,31.379918584070797,0.059816814159292034,0.25586017699115043,-0.038605309734513274,0.29446106194690264,74.00787610619469,32.61265575221239,0.8525557522123894,11.822268141592922,8.23889203539823,0.6853300884955752,0.17993893805309735,0.22281150442477876,0.8285716814159293,-0.10241858407079646,0.17940442477876106,0.07493716814159292,0.3404008849557522,-0.05935486725663716,0.05796194690265486,0.09659115044247787,0.402712389380531,-0.10241858407079646,0.20443451327433626,0.06226548672566371,0.3404008849557522,0.010323008849557523,0.2941044247787611,113
14AH02822-3-H&E-PYN-Lvl-1.txt,11.0,16.0,1435.8653846153845,2029.2076923076925,25.544423076923074,19.51173076923077,0.8275288461538461,7.183490384615384,4.717792307692307,0.6936730769230769,0.48311923076923075,142.81949423076924,0.1751673076923077,0.8631634615384616,0.13062307692307693,0.7325461538461538,0.13577692307692307,39.33858076923077,0.0617826923076923,0.2846769230769231,-0.02883846153846154,0.31351730769230773,89.28173076923076,35.378276923076925,0.8772096153846154,12.610684615384615,9.237146153846153,0.6377192307692308,0.16266538461538463,0.24110576923076923,0.8663153846153846,-0.11569807692307693,0.20607884615384617,0.07804423076923077,0.3716711538461538,-0.03433846153846153,0.03139038461538462,0.09617115384615384,0.42381346153846156,-0.11569807692307693,0.23579038461538462,0.06021923076923076,0.37111346153846153,0.0516923076923077,0.2840173076923077,52
14AH02822-3-H&E-PYN-Lvl-1.txt,12.0,9.0,1559.5734939759036,1208.9036144578313,23.00421686746988,19.585648192771085,0.7552385542168675,7.505706024096386,4.225487951807229,0.7933072289156626,0.5587867469879518,148.71335783132528,0.15606746987951806,0.9038397590361446,0.227955421686747,0.6758879518072289,0.09667349397590361,24.423609638554215,0.06401927710843373,0.23960722891566263,-0.09050240963855422,0.3301072289156627,72.43481927710843,32.57819879518072,0.8330554216867471,12.019957831325302,8.026572289156627,0.7029156626506023,0.2911373493975904,0.22712048192771084,0.9069168674698795,-0.04752048192771084,0.15622289156626507,0.07921686746987952,0.32024096385542167,-0.10122650602409639,0.16255783132530122,0.1167301204819277,0.5259072289156627,-0.04752048192771084,0.18518674698795182,0.06529759036144578,0.32024096385542167,-0.013725301204819277,0.3241626506024096,83
14AH02822-3-H&E-PYN-Lvl-1.txt,12.0,10.0,1554.4946428571427,1319.8232142857144,22.71857142857143,19.478224107142857,0.7670553571428572,7.395305357142857,4.279766071428571,0.7374678571428571,0.5913955357142857,154.96546607142858,0.18694999999999998,1.0052857142857143,0.2182625,0.7870330357142857,0.08768660714285714,22.82542767857143,0.07599017857142856,0.2516366071428571,-0.12916607142857142,0.38080625,74.8775892857143,33.46231607142857,0.824767857142857,12.356751785714286,8.216204464285713,0.7033267857142856,0.28325,0.2549482142857143,1.0057285714285713,-0.06747410714285715,0.15185446428571428,0.09210535714285714,0.33470000000000005,-0.14773035714285715,0.14136517857142858,0.1189375,0.53101875,-0.0673625,0.1827669642857143,0.07383035714285714,0.3342508928571429,-0.035135714285714284,0.30598214285714287,112
14AH02822-3-H&E-PYN-Lvl-1.txt,12.0,11.0,1565.985925925926,1440.7896296296296,21.305333333333333,18.563742962962966,0.7780066666666667,7.08609037037037,4.102968148148149,0.7684777777777778,0.5372414814814815,131.73067407407407,0.19533703703703703,0.9698140740740742,0.1394614814814815,0.8303518518518518,0.08728518518518519,21.255675555555555,0.08226962962962964,0.26455111111111107,-0.13153037037037035,0.3960822222222222,71.22,32.39591851851851,0.8370414814814815,11.877072592592592,8.124474074074074,0.6861829629629629,0.2194088888888889,0.25507407407407406,0.9748592592592592,-0.09164074074074073,0.1532814814814815,0.09139555555555555,0.3409903703703704,-0.15038962962962962,0.0802888888888889,0.11221777777777778,0.49595703703703703,-0.09164074074074073,0.1825237037037037,0.0737562962962963,0.3401340740740741,-0.04832296296296296,0.29871555555555557,135
14AH02822-3-H&E-PYN-Lvl-1.txt,12.0,12.0,1557.559230769231,1559.836923076923,22.600384615384616,18.886404615384613,0.7878392307692308,7.098847692307692,4.265596153846154,0.7604184615384615,0.49113153846153845,126.5848076923077,0.16986307692307692,0.8642546153846153,0.13688692307692307,0.7273653846153847,0.11068692307692309,29.585484615384615,0.07377153846153847,0.28236846153846157,-0.08485615384615385,0.3672223076923077,75.67546153846153,33.212988461538465,0.8429623076923076,12.000578461538462,8.499147692307693,0.66008,0.2045753846153846,0.22833769230769232,0.8708523076923077,-0.09140615384615385,0.1769153846153846,0.08938923076923076,0.36046769230769227,-0.10771230769230769,0.08319846153846154,0.10805153846153846,0.46329692307692305,-0.09138923076923076,0.20554,0.07405153846153846,0.36006923076923075,-0.02544769230769231,0.29749846153846154,130
14AH02822-3-H&E-PYN-Lvl-1.txt,12.0,13.0,1562.3435897435897,1691.0529914529916,23.317692307692308,19.41815811965812,0.7690888888888889,7.324254700854701,4.346928205128205,0.7516632478632478,0.4622871794871795,124.77875470085469,0.15255128205128207,0.7958358974358973,0.14375299145299145,0.6520811965811966,0.14183076923076923,37.53603846153846,0.05917777777777778,0.2805393162393162,-0.02104957264957265,0.3016034188034188,77.31692307692308,33.43878461538461,0.8440324786324787,12.189868376068377,8.463435897435897,0.6796897435897437,0.19905726495726495,0.20873931623931624,0.8030051282051281,-0.08470341880341879,0.20194615384615386,0.07583076923076923,0.3648692307692308,-0.036991452991453,0.08532820512820513,0.09596666666666666,0.4119572649572649,-0.08470341880341879,0.22847435897435897,0.06349658119658119,0.3648529914529915,0.034352991452991456,0.30183504273504275,117
14AH02822-3-H&E-PYN-Lvl-1.txt,12.0,14.0,1563.3330578512396,1804.6652892561983,21.995702479338842,18.452672727272727,0.8046801652892561,6.905961983471074,4.298776859504133,0.7338396694214876,0.4408421487603306,111.12924545454545,0.17759008264462808,0.8307148760330578,0.08153719008264462,0.7491768595041323,0.14097438016528926,34.9856694214876,0.06874710743801653,0.2975727272727273,-0.04431652892561984,0.34188760330578516,76.27462809917355,33.072072727272726,0.860404132231405,11.914876859504133,8.492448760330578,0.6525528925619835,0.14700495867768595,0.22778429752066118,0.8360446280991736,-0.121300826446281,0.2016900826446281,0.0883892561983471,0.3833404958677686,-0.07028595041322314,0.02417107438016529,0.09160165289256199,0.36110247933884293,-0.121300826446281,0.22809752066115704,0.07585206611570249,0.3830198347107438,0.012264462809917356,0.2868768595041322,121
14AH02822-3-H&E-PYN-Lvl-1.txt,12.0,15.0,1562.4329411764704,1946.1941176470589,23.503764705882354,19.00890588235294,0.8034635294117647,7.1723,4.404597647058823,0.7415011764705882,0.49034,131.5913976470588,0.17858823529411763,0.865935294117647,0.12784117647058824,0.7381011764705883,0.1264470588235294,33.917670588235296,0.06763176470588236,0.2782670588235294,-0.06103764705882353,0.33931176470588237,83.07423529411766,34.40134352941176,0.8640364705882353,12.441777647058823,8.766544705882353,0.6747211764705883,0.16622117647058823,0.2413294117647059,0.873895294117647,-0.11565058823529412,0.20580941176470588,0.08693058823529412,0.3737435294117647,-0.0802835294117647,0.03403294117647059,0.09148823529411765,0.40413176470588236,-0.11565058823529412,0.23896705882352942,0.06488588235294117,0.37361176470588237,0.015308235294117649,0.27977294117647056,85
14AH02822-3-H&E-PYN-Lvl-1.txt,12.0,16.0,1570.7532467532467,2051.442857142857,24.243896103896102,19.685014285714285,0.7708506493506493,7.541554545454545,4.315950649350649,0.7768,0.3892883116883117,116.34098311688311,0.1401181818181818,0.6907571428571428,0.09932207792207792,0.5914363636363636,0.17862987012987014,45.90793506493507,0.05605454545454546,0.30044025974025973,0.02244935064935065,0.2779948051948052,80.28116883116883,33.94638961038961,0.854351948051948,12.362392207792206,8.618766233766234,0.670612987012987,0.1519792207792208,0.19525454545454546,0.6912805194805195,-0.11156493506493508,0.24173506493506497,0.07277142857142857,0.38511948051948053,0.011497402597402598,0.044329870129870136,0.08922467532467533,0.357287012987013,-0.11156493506493508,0.2709532467532467,0.05393116883116884,0.38511948051948053,0.09068831168831168,0.2972454545454546,77
14AH02822-3-H&E-PYN-Lvl-1.txt,13.0,9.0,1690.2434426229509,1200.7598360655738,19.1655737704918,17.490959836065574,0.7918352459016393,6.573150819672131,3.9962885245901636,0.737105737704918,0.605288524590164,132.83439918032786,0.23227377049180326,1.1138795081967214,0.1349909836065574,0.9788868852459016,0.04939262295081967,11.237195901639343,0.0970450819672131,0.26397295081967215,-0.20750081967213116,0.4714811475409836,68.54311475409837,31.596933606557375,0.846,11.483374590163935,8.00067131147541,0.6634491803278688,0.2276549180327869,0.292127868852459,1.119967213114754,-0.10817049180327869,0.13229344262295084,0.10755245901639345,0.35102622950819673,-0.22123114754098358,0.07375737704918033,0.12205983606557376,0.5423524590163935,-0.10817049180327869,0.16686967213114753,0.0848811475409836,0.3502377049180328,-0.07865,0.2806360655737705,122
14AH02822-3-H&E-PYN-Lvl-1.txt,13.0,10.0,1684.5489795918368,1312.6761904761904,21.041632653061225,18.147698639455783,0.7931734693877551,6.805578231292516,4.222187074829932,0.7373897959183673,0.5119074829931973,123.03784217687074,0.1781721088435374,0.9122081632653061,0.14988503401360545,0.7623278911564626,0.10623469387755102,26.034997278911565,0.0800421768707483,0.2824278911564626,-0.10592108843537415,0.38834693877551024,67.31081632653061,31.34970204081633,0.843260544217687,11.395590476190478,8.001708843537415,0.6589244897959184,0.2199952380952381,0.24334829931972787,0.9244176870748299,-0.09852721088435373,0.16673401360544216,0.09411972789115645,0.36223877551020406,-0.1301142857142857,0.0891,0.11989659863945579,0.5212210884353742,-0.0985047619047619,0.19446734693877551,0.08120136054421769,0.36177823129251696,-0.035492517006802726,0.31139795918367347,147
14AH02822-3-H&E-PYN-Lvl-1.txt,13.0,11.0,1686.5214285714285,1434.4314285714286,22.793785714285715,19.330313571428572,0.7610178571428572,7.311845714285714,4.290049285714286,0.7671157142857143,0.453815,123.13333357142858,0.16850642857142858,0.8445692857142857,0.11113214285714286,0.7334357142857143,0.1262742857142857,32.014264999999995,0.07204785714285715,0.29063785714285717,-0.07427285714285714,0.364905,75.41292857142857,33.22694142857143,0.8399335714285714,12.127112857142857,8.345850714285715,0.6798578571428571,0.192775,0.21682214285714285,0.8610364285714286,-0.09723428571428572,0.18259785714285715,0.08380499999999999,0.36164285714285715,-0.104795,0.07937428571428572,0.10360714285714286,0.4697392857142857,-0.09723428571428572,0.20832642857142858,0.06921357142857143,0.3601785714285714,-0.00914857142857143,0.29816642857142855,140
14AH02822-3-H&E-PYN-Lvl-1.txt,13.0,12.0,1687.3407692307692,1560.5523076923075,19.883076923076924,17.492586153846155,0.8082684615384615,6.532176153846154,4.079883076923077,0.7216076923076923,0.4676592307692307,107.47890230769231,0.17753230769230768,0.8557976923076923,0.10538230769230769,0.7504084615384615,0.13499615384615382,30.710953076923076,0.07115461538461539,0.29626153846153847,-0.04461153846153846,0.3408638461538462,68.49900000000001,31.417647692307693,0.850966923076923,11.299474615384616,8.168195384615384,0.63276,0.17398384615384616,0.23683,0.8609453846153846,-0.11257923076923076,0.2005776923076923,0.08977153846153846,0.38152615384615385,-0.06667384615384615,0.048767692307692304,0.11306923076923077,0.45980923076923075,-0.11257923076923076,0.22940384615384612,0.07527461538461538,0.3808907692307692,0.009500000000000001,0.2908353846153846,130
14AH02822-3-H&E-PYN-Lvl-1.txt,13.0,13.0,1664.227380952381,1683.3738095238095,25.005000000000003,20.444394047619046,0.7604761904761905,7.670267857142857,4.50067738095238,0.754347619047619,0.48212619047619054,137.46359761904762,0.163575,0.845695238095238,0.14024642857142858,0.7054499999999999,0.13783809523809523,40.36779047619048,0.06772738095238096,0.29112261904761905,-0.04452261904761905,0.335652380952381,79.58571428571429,34.42348571428571,0.827422619047619,12.561965476190474,8.484628571428571,0.6933011904761904,0.1990511904761905,0.22939047619047617,0.8502916666666666,-0.1059202380952381,0.20503095238095237,0.08599642857142857,0.3820678571428571,-0.06762619047619048,0.07178214285714286,0.10529285714285715,0.4398738095238095,-0.1059202380952381,0.23550595238095237,0.07044880952380952,0.3820678571428571,0.011810714285714285,0.30842619047619046,84
14AH02822-3-H&E-PYN-Lvl-1.txt,13.0,14.0,1676.371264367816,1806.055172413793,24.19137931034483,19.405433333333335,0.7915804597701148,7.302618390804598,4.409326436781609,0.7575827586206897,0.43453793103448274,124.14760459770115,0.1680057471264368,0.784812643678161,0.0847632183908046,0.700051724137931,0.15870919540229886,42.283525287356326,0.0687080459770115,0.32009885057471266,-0.02615057471264368,0.3462528735632184,82.17724137931035,34.44317586206897,0.8551160919540229,12.468197701149425,8.733614942528735,0.6612367816091954,0.1361206896551724,0.22735287356321837,0.7885793103448275,-0.12725977011494252,0.2306758620689655,0.08592873563218391,0.4038298850574713,-0.052866666666666666,0.011654022988505748,0.0880264367816092,0.3543735632183908,-0.12711494252873565,0.2605264367816092,0.06622413793103447,0.4030034482758621,0.04532528735632184,0.2878724137931034,87
14AH02822-3-H&E-PYN-Lvl-1.txt,13.0,15.0,1678.3802325581396,1933.224418604651,25.886511627906973,20.427997674418606,0.7684883720930233,7.752173255813954,4.542096511627907,0.7751000000000001,0.42102209302325583,125.68587906976744,0.14864418604651164,0.7494360465116279,0.09887325581395348,0.6505593023255813,0.15894302325581397,46.404383720930234,0.06344651162790699,0.30780232558139536,-0.022225581395348838,0.33003372093023253,86.39372093023256,35.398647674418605,0.849689534883721,12.864603488372094,8.956494186046513,0.6776593023255814,0.15133488372093024,0.21157906976744184,0.7526604651162792,-0.1192279069767442,0.2303046511627907,0.07964186046511627,0.39101511627906976,-0.03164651162790698,0.03593488372093023,0.09296046511627908,0.3825093023255814,-0.1192279069767442,0.26135116279069764,0.058868604651162795,0.39055232558139535,0.07473255813953489,0.29060232558139537,86
14AH02822-3-H&E-PYN-Lvl-1.txt,13.0,16.0,1681.0431034482758,2050.8896551724138,20.70931034482759,17.778458620689655,0.8157155172413794,6.665525862068966,4.233570689655172,0.7256982758620689,0.4272241379310345,102.64747931034482,0.15884310344827585,0.7605431034482758,0.09680344827586207,0.6637293103448275,0.14953620689655173,34.30993620689655,0.0695603448275862,0.3063258620689655,-0.04316379310344827,0.34949655172413796,75.41689655172414,32.74680344827586,0.8675568965517242,11.851794827586206,8.520189655172414,0.6470965517241379,0.14425172413793103,0.2148051724137931,0.7631293103448276,-0.11780172413793102,0.23334482758620692,0.08459827586206896,0.3891258620689655,-0.056877586206896556,0.030108620689655172,0.09169827586206897,0.3744379310344827,-0.11780172413793102,0.2670362068965517,0.0568948275862069,0.3891258620689655,0.06101379310344828,0.2739655172413793,58
14AH02822-3-H&E-PYN-Lvl-1.txt,14.0,9.0,1819.8385964912281,1190.0608187134503,19.53736842105263,17.559832748538014,0.7902415204678364,6.497002339181287,4.125202339181286,0.7232385964912281,0.5755011695906433,127.23725730994153,0.20354853801169592,1.0356122807017543,0.1504918128654971,0.8851192982456141,0.09167368421052631,21.46814210526316,0.0742,0.26476081871345025,-0.11025906432748538,0.37501111111111113,61.15736842105263,30.22751637426901,0.8237251461988304,11.000659064327484,7.6839374269005845,0.6651514619883041,0.23299005847953214,0.29078947368421054,1.0485888888888888,-0.12012222222222223,0.17573801169590644,0.09598011695906433,0.36967836257309944,-0.12052923976608186,0.06907426900584795,0.14478011695906434,0.580840350877193,-0.12012222222222223,0.2163766081871345,0.0724187134502924,0.36967836257309944,-0.012200584795321637,0.3152,171
14AH02822-3-H&E-PYN-Lvl-1.txt,14.0,10.0,1796.8447368421055,1305.3644736842105,20.408092105263155,18.00292697368421,0.7793013157894737,6.6237973684210525,4.197272368421053,0.7419822368421053,0.5206940789473684,118.80594539473685,0.19384802631578948,0.9619967105263157,0.11612631578947367,0.8458743421052631,0.11289671052631578,28.33348618421053,0.078875,0.28926842105263156,-0.09527565789473684,0.3845388157894737,66.40519736842106,31.110111842105265,0.8375467105263158,11.187568421052632,7.982184210526316,0.6593756578947368,0.19909605263157895,0.27072960526315787,0.9754967105263157,-0.12388026315789473,0.19718618421052633,0.097625,0.3881822368421053,-0.10887302631578948,0.05260986842105263,0.1384092105263158,0.5495861842105263,-0.12388026315789473,0.23575657894736843,0.07436052631578947,0.388125,-0.006280921052631578,0.3034263157894737,152
14AH02822-3-H&E-PYN-Lvl-1.txt,14.0,11.0,1813.3,1426.5326086956522,23.722826086956523,19.912816304347825,0.7544043478260869,7.528873913043478,4.391811956521739,0.7654173913043479,0.42661739130434784,117.20659782608695,0.15355434782608696,0.7896782608695653,0.12646521739130434,0.6632108695652174,0.15405108695652175,42.837985869565216,0.06253913043478261,0.29955652173913044,-0.014198913043478261,0.31375434782608697,77.58195652173913,33.83215,0.8377576086956522,12.235295652173914,8.593295652173913,0.6732597826086957,0.17344347826086956,0.2063391304347826,0.7910597826086957,-0.10572391304347825,0.21480434782608696,0.07944673913043478,0.37857282608695647,-0.0383054347826087,0.06001195652173913,0.09417391304347826,0.3778130434782609,-0.10572391304347825,0.24266630434782607,0.06347717391304349,0.3781195652173913,0.03534347826086957,0.30242065217391306,92
14AH02822-3-H&E-PYN-Lvl-1.txt,14.0,12.0,1799.353409090909,1564.5443181818182,24.19363636363636,20.100678409090907,0.7550522727272727,7.572887499999999,4.494365909090909,0.7499772727272728,0.40576249999999997,115.70525227272728,0.12886818181818183,0.6894329545454545,0.1305693181818182,0.5588625,0.17860113636363636,47.69318068181818,0.05290681818181819,0.2966920454545454,0.03161477272727273,0.2650863636363636,76.40181818181817,33.27343068181818,0.8489772727272726,11.981251136363637,8.497756818181818,0.6495272727272727,0.18552613636363635,0.1823715909090909,0.6901886363636364,-0.09665454545454545,0.2259306818181818,0.07282045454545455,0.38762613636363635,0.005845454545454546,0.08546363636363637,0.09313295454545455,0.39893749999999994,-0.09665454545454545,0.2482681818181818,0.06573636363636363,0.38727272727272727,0.05077045454545455,0.3183715909090909,88
14AH02822-3-H&E-PYN-Lvl-1.txt,14.0,13.0,1825.3275862068965,1674.8103448275863,23.336896551724138,19.737119540229884,0.7484459770114943,7.494541379310344,4.305998850574713,0.7717436781609195,0.3616045977011494,98.69277701149426,0.12564367816091954,0.6487528735632183,0.0970264367816092,0.551732183908046,0.14923103448275862,39.51185517241379,0.05352873563218391,0.26957471264367816,0.0004885057471264377,0.269083908045977,75.05586206896551,33.08967931034483,0.8352770114942529,12.07039540229885,8.384403448275862,0.6817218390804598,0.16282183908045977,0.16972528735632184,0.6514022988505747,-0.08628735632183908,0.17795977011494252,0.07057586206896552,0.33547241379310344,-0.031602298850574716,0.0701632183908046,0.08673218390804598,0.372016091954023,-0.08622988505747126,0.19133793103448277,0.06516206896551724,0.33417931034482756,0.008860919540229885,0.31199770114942527,87
14AH02822-3-H&E-PYN-Lvl-1.txt,14.0,14.0,1855.0454545454545,1782.1818181818182,19.186363636363637,16.746745454545454,0.8362090909090909,6.169727272727273,3.9648090909090907,0.7268727272727272,0.26793636363636364,61.075481818181814,0.10214545454545454,0.504909090909091,0.03434545454545455,0.4705818181818182,0.17592727272727274,37.2773,0.05033636363636363,0.2786272727272727,0.029436363636363636,0.2492090909090909,82.64454545454545,33.550245454545454,0.9089090909090909,11.811900000000001,9.000881818181817,0.5872636363636364,0.09539999999999998,0.13494545454545456,0.5151,-0.11616363636363637,0.2122,0.06729090909090908,0.3612545454545455,-0.011699999999999999,0.03945454545454546,0.07947272727272728,0.3088090909090909,-0.11616363636363637,0.2235181818181818,0.06242727272727273,0.35872727272727273,0.042509090909090906,0.22713636363636364,11
14AH02822-3-H&E-PYN-Lvl-1.txt,15.0,9.0,1927.7261904761904,1215.2309523809522,22.587857142857143,19.194182142857144,0.769325,7.353910714285713,4.200864285714285,0.7728547619047619,0.5532154761904762,140.44060476190475,0.20718214285714287,1.0054940476190477,0.12736190476190476,0.8781380952380952,0.1061452380952381,29.002538095238098,0.07715119047619047,0.2905297619047619,-0.09452857142857143,0.38506309523809523,73.37678571428572,32.89000595238095,0.8308214285714286,12.134145238095238,8.221507142857142,0.6964714285714285,0.2126107142857143,0.2781571428571429,1.0088904761904762,-0.12348333333333333,0.1827261904761905,0.09686547619047618,0.38710119047619046,-0.11284166666666666,0.05856666666666667,0.1253845238095238,0.5049809523809523,-0.1232,0.2181202380952381,0.07764285714285715,0.3859464285714286,-0.014883333333333333,0.30322261904761905,84
14AH02822-3-H&E-PYN-Lvl-1.txt,15.0,10.0,1930.071844660194,1298.4203883495145,21.780873786407767,18.98688834951456,0.7590349514563106,7.279840776699029,4.0649961165048545,0.7813533980582524,0.45333980582524275,113.82500291262136,0.17049611650485436,0.8388679611650486,0.08827766990291264,0.750595145631068,0.14718058252427182,36.83706213592233,0.06961359223300971,0.30803398058252424,-0.038832038834951454,0.34686601941747575,73.14728155339806,32.71083883495145,0.8353407766990291,11.96257572815534,8.224251456310679,0.6753514563106796,0.17545145631067963,0.2289388349514563,0.8502388349514564,-0.1223631067961165,0.20792815533980583,0.08939029126213592,0.3925320388349514,-0.07771456310679611,0.05234563106796117,0.10969514563106797,0.4502543689320388,-0.1223631067961165,0.23573592233009708,0.07675436893203884,0.39221650485436893,-0.005158252427184466,0.29629514563106796,103
14AH02822-3-H&E-PYN-Lvl-1.txt,15.0,11.0,1933.610655737705,1435.5950819672132,23.879508196721314,19.8005131147541,0.7634549180327869,7.555789344262295,4.299809836065574,0.7676795081967213,0.43650819672131147,120.77477622950819,0.1738311475409836,0.831610655737705,0.09047622950819673,0.7411385245901638,0.1479893442622951,40.81689262295082,0.0706155737704918,0.3085245901639344,-0.03898360655737705,0.34750245901639343,80.04245901639345,34.08122213114754,0.8475590163934426,12.391972950819673,8.619277868852459,0.6694795081967213,0.155327868852459,0.22460409836065576,0.8374967213114753,-0.12261803278688525,0.2044188524590164,0.08842049180327868,0.3960327868852459,-0.06631885245901639,0.03484098360655738,0.09914999999999999,0.39222131147540984,-0.12261803278688525,0.2300893442622951,0.07705983606557378,0.3955237704918033,0.008686065573770493,0.292294262295082,122
14AH02822-3-H&E-PYN-Lvl-1.txt,15.0,12.0,1937.7534246575342,1568.6301369863013,21.105616438356165,18.658575342465753,0.7681972602739726,7.235506849315069,4.006872602739726,0.7595397260273972,0.36022054794520547,90.03380410958904,0.1754054794520548,0.7531054794520549,0.020493150684931506,0.7326054794520549,0.2159205479452055,49.742879452054794,0.07464246575342466,0.3695890410958904,0.017690410958904113,0.351886301369863,79.37753424657535,33.72028493150685,0.8600054794520547,12.246376712328766,8.701250684931507,0.6515287671232877,0.08873835616438357,0.20067671232876713,0.7539068493150686,-0.1446945205479452,0.2808821917808219,0.08977534246575343,0.4577958904109589,-0.009068493150684932,-0.012612328767123288,0.0761041095890411,0.2798205479452055,-0.1446945205479452,0.30596438356164385,0.07376986301369863,0.4577958904109589,0.0952958904109589,0.26178767123287666,73
14AH02822-3-H&E-PYN-Lvl-1.txt,15.0,13.0,1933.9795454545456,1661.0886363636362,24.64363636363636,20.7135,0.7379545454545454,7.900504545454546,4.424620454545455,0.7566318181818182,0.3381681818181818,94.9842909090909,0.13716818181818183,0.6673704545454545,0.06034318181818182,0.6070363636363636,0.20435681818181817,55.44659545454545,0.06086363636363636,0.34353181818181816,0.024881818181818182,0.31864545454545457,85.66159090909092,35.483200000000004,0.8417772727272728,12.956788636363637,8.84096590909091,0.6891227272727273,0.11417045454545455,0.17720454545454545,0.6673704545454545,-0.13229545454545455,0.2474159090909091,0.09151363636363637,0.4218840909090909,-0.03243181818181818,0.02239318181818182,0.08401363636363636,0.3013045454545455,-0.13229545454545455,0.2661659090909091,0.08374545454545455,0.42051590909090913,0.035427272727272724,0.2817977272727273,44
14AH02822-3-H&E-PYN-Lvl-1.txt,16.0,8.0,2100.2419354838707,1069.1677419354837,26.700967741935486,20.4539064516129,0.7889096774193548,7.795393548387096,4.617038709677419,0.7916741935483872,0.5407290322580645,163.71519032258064,0.1852967741935484,0.9746096774193548,0.17989032258064516,0.7947096774193548,0.10130967741935484,31.093548387096774,0.06871612903225806,0.25954193548387094,-0.08740645161290322,0.3469516129032258,88.5425806451613,35.89036129032258,0.8529774193548387,13.194893548387096,8.830116129032259,0.7094645161290323,0.22509354838709678,0.2457161290322581,0.9758516129032259,-0.09997741935483871,0.16479999999999997,0.08858709677419355,0.3586741935483871,-0.09519032258064515,0.09136129032258065,0.1052741935483871,0.4478838709677419,-0.09997741935483871,0.1935032258064516,0.07143548387096775,0.3585838709677419,0.011203225806451613,0.297458064516129,31
14AH02822-3-H&E-PYN-Lvl-1.txt,16.0,9.0,2067.4249999999997,1194.2336206896553,24.239482758620692,19.881793103448278,0.7667818965517241,7.646601724137931,4.276681034482759,0.7886387931034483,0.5027948275862069,139.42492327586208,0.1799043103448276,0.8888931034482759,0.13413189655172414,0.7547594827586207,0.12224137931034483,34.59525517241379,0.07299137931034483,0.29789999999999994,-0.058767241379310345,0.35666120689655173,81.27775862068965,34.44332672413793,0.8437284482758621,12.645635344827587,8.556527586206895,0.688375,0.18515258620689654,0.24569224137931034,0.8888931034482759,-0.1194801724137931,0.1805051724137931,0.09933275862068966,0.40021120689655176,-0.07397758620689655,0.048242241379310345,0.1015948275862069,0.419098275862069,-0.1194801724137931,0.207575,0.09002672413793103,0.39957241379310343,-0.013237068965517242,0.2942741379310345,116
14AH02822-3-H&E-PYN-Lvl-1.txt,16.0,10.0,2047.1213333333335,1308.248,25.6128,20.576068,0.7653013333333333,7.887946666666667,4.464106666666667,0.773956,0.42277733333333334,123.90170266666668,0.16108266666666668,0.7709533333333334,0.09852666666666667,0.6724239999999999,0.17737333333333336,51.205981333333334,0.061868000000000006,0.323048,0.01566266666666667,0.30738933333333335,87.36,35.592622666666664,0.8511826666666668,12.979381333333334,8.968049333333333,0.6833053333333333,0.14345866666666665,0.21722933333333336,0.7721053333333333,-0.13114133333333333,0.24013600000000002,0.08730133333333333,0.42306000000000005,-0.017122666666666665,0.026045333333333334,0.09638266666666667,0.37009733333333333,-0.13114133333333333,0.26732933333333336,0.07603733333333333,0.4229306666666667,0.03690933333333333,0.29011066666666663,75
14AH02822-3-H&E-PYN-Lvl-1.txt,16.0,11.0,2048.9222222222224,1443.1412698412698,25.962857142857143,21.01831746031746,0.7350412698412698,8.139514285714286,4.385915873015873,0.8053365079365079,0.39943968253968254,122.13008888888889,0.14236984126984129,0.7138460317460317,0.10105873015873015,0.6127857142857143,0.19161111111111112,55.347114285714284,0.0568984126984127,0.3282015873015873,0.03918253968253969,0.28901428571428567,86.23428571428572,35.49594761904762,0.842315873015873,13.098273015873016,8.785922222222222,0.7046412698412698,0.14283492063492062,0.20516984126984128,0.7167841269841271,-0.13133492063492064,0.25887777777777776,0.09065238095238096,0.42787619047619047,-0.005274603174603173,0.028542857142857144,0.0939095238095238,0.35293650793650794,-0.13133492063492064,0.28963968253968253,0.07579682539682539,0.42787619047619047,0.062066666666666666,0.2985507936507936,63
14AH02822-3-H&E-PYN-Lvl-1.txt,16.0,12.0,2030.7450000000001,1552.715,24.24375,20.0304275,0.755325,7.7880625,4.258155,0.80752,0.3944175,110.65401,0.1459125,0.7126750000000001,0.0765275,0.6361575,0.20220500000000002,53.46459,0.0597125,0.3463625,0.037785,0.3085775,82.63575,34.7411325,0.8443250000000001,12.7361975,8.700395,0.6928025,0.132105,0.2068925,0.71437,-0.14073249999999998,0.26519499999999996,0.0997425,0.44523,-0.0380575,0.0196775,0.0978175,0.368925,-0.14073249999999998,0.2939775,0.088145,0.44523,0.025630000000000003,0.29235500000000003,40
14AH02822-3-H&E-PYN-Lvl-1.txt,17.0,7.0,2222.7090909090907,993.5154545454545,19.145454545454548,17.24639090909091,0.7959454545454545,6.2685545454545455,4.239718181818182,0.7039090909090909,0.6486909090909091,151.66150000000002,0.21732727272727273,1.1454272727272727,0.22935454545454545,0.9160818181818182,0.010445454545454546,0.3025090909090909,0.08007272727272728,0.18855454545454545,-0.1923181818181818,0.3808909090909091,63.66272727272727,30.402154545454547,0.8440545454545454,10.805418181818181,8.0106,0.6067545454545454,0.31014545454545456,0.29194545454545456,1.1454272727272727,-0.08013636363636364,0.06340909090909091,0.08994545454545455,0.28533636363636367,-0.19684545454545457,0.15007272727272727,0.15668181818181817,0.6260363636363636,-0.08013636363636364,0.0902909090909091,0.07869090909090909,0.28533636363636367,-0.13215454545454544,0.30272727272727273,11
14AH02822-3-H&E-PYN-Lvl-1.txt,17.0,8.0,2187.4153333333334,1061.3426666666667,21.840600000000002,18.468609333333333,0.7965646666666667,6.811156,4.382656,0.7095440000000001,0.612364,154.0906513333333,0.18676066666666666,1.0370606666666666,0.23433133333333336,0.8027233333333333,0.07106733333333333,17.639633333333336,0.07373400000000001,0.23732066666666668,-0.13299,0.370306,69.9816,31.937954666666666,0.8413486666666666,11.594846,8.079651333333333,0.6596913333333333,0.2916433333333333,0.265572,1.0374166666666667,-0.08270533333333333,0.14978133333333332,0.09388733333333334,0.34239533333333333,-0.14195533333333332,0.14283133333333334,0.13148,0.5775053333333333,-0.08270533333333333,0.18664066666666665,0.07467,0.3420766666666667,-0.044782666666666665,0.309772,150
14AH02822-3-H&E-PYN-Lvl-1.txt,17.0,9.0,2188.560869565217,1185.2330434782607,25.0544347826087,20.011134782608693,0.776175652173913,7.424189565217391,4.591581739130435,0.7306365217391304,0.5072486956521739,146.69380260869565,0.1488591304347826,0.8451652173913043,0.18895478260869567,0.6562104347826088,0.14339739130434784,40.823280000000004,0.0630095652173913,0.287024347826087,-0.03382782608695652,0.3208530434782609,76.25034782608697,33.385894782608695,0.840655652173913,12.079832173913042,8.517734782608695,0.6512017391304348,0.24572782608695654,0.22536260869565217,0.8490330434782609,-0.09759130434782609,0.2073426086956522,0.08611217391304349,0.3912686956521739,-0.05436608695652174,0.11698608695652174,0.12034260869565216,0.4974834782608696,-0.09759130434782609,0.24008869565217392,0.07177913043478261,0.3912686956521739,0.01864782608695652,0.32490434782608696,115
14AH02822-3-H&E-PYN-Lvl-1.txt,17.0,10.0,2194.4734939759037,1320.6578313253012,24.786867469879518,20.153265060240965,0.7625518072289157,7.670355421686747,4.429263855421687,0.7762710843373494,0.4462578313253012,129.85103373493976,0.15538795180722892,0.7885228915662651,0.12461686746987952,0.6639108433734939,0.18290722891566266,50.32807469879518,0.058695180722891566,0.3180277108433735,0.021781927710843373,0.2962506024096385,82.22530120481927,34.790746987951806,0.8427903614457831,12.624879518072289,8.844472289156625,0.6521542168674699,0.18456024096385543,0.2125734939759036,0.7921156626506024,-0.11189397590361447,0.23763132530120484,0.0853144578313253,0.40597951807228916,-0.025899999999999996,0.06795542168674698,0.10096385542168676,0.42340963855421687,-0.11189397590361447,0.2645710843373494,0.07242771084337349,0.40536867469879523,0.04672409638554217,0.2982096385542169,83
14AH02822-3-H&E-PYN-Lvl-1.txt,17.0,11.0,2193.1666666666665,1432.2172043010753,23.901290322580646,19.65119677419355,0.7753483870967742,7.358631182795699,4.423518279569892,0.7522043010752688,0.4321129032258065,118.19056129032258,0.14826129032258065,0.7659075268817204,0.12784086021505378,0.6380559139784946,0.16803333333333334,46.0110247311828,0.05921720430107527,0.30270967741935484,0.0038311827956989254,0.2988806451612903,77.61580645161291,33.52006129032258,0.8462698924731183,12.170795698924731,8.572898924731183,0.6522870967741936,0.18413978494623656,0.20661075268817206,0.767741935483871,-0.11097311827956988,0.22631720430107527,0.08226666666666667,0.3967483870967742,-0.02705806451612903,0.07060645161290323,0.10325483870967743,0.42029999999999995,-0.11072903225806452,0.25458817204301076,0.06977741935483871,0.39597741935483866,0.03473763440860215,0.3058354838709677,93
14AH02822-3-H&E-PYN-Lvl-1.txt,17.0,12.0,2216.9444444444443,1524.8777777777777,21.923333333333336,18.609077777777777,0.8051074074074074,6.974551851851852,4.30522962962963,0.715474074074074,0.3598259259259259,93.75472962962964,0.16394444444444445,0.7169333333333333,0.04309259259259259,0.6738407407407407,0.17951111111111112,44.14380740740741,0.06304814814814814,0.3319740740740741,0.016544444444444445,0.31543333333333334,83.67666666666666,34.44079629629629,0.8717296296296296,12.311733333333335,8.843385185185186,0.6579703703703704,0.08329259259259258,0.1979037037037037,0.7196518518518518,-0.1327814814814815,0.2411444444444444,0.08189629629629629,0.41171851851851854,-0.0016555555555555562,-0.016811111111111113,0.07193333333333334,0.25532222222222223,-0.1327814814814815,0.26405185185185187,0.07041851851851852,0.41171851851851854,0.06512222222222222,0.2599740740740741,27
14AH02822-3-H&E-PYN-Lvl-1.txt,18.0,7.0,2312.596875,973.93578125,21.21046875,18.62964375,0.7610375,6.9127375,4.2410328125,0.7472609375,0.6352234375,164.5651125,0.1859265625,1.0570578125,0.248171875,0.8088921875,0.0337515625,4.7756234375,0.0741546875,0.20503125,-0.1754171875,0.3804484375,68.6025,31.71544375,0.83058125,11.484340625,8.06893125,0.66413125,0.322496875,0.2709546875,1.0638375,-0.0682375,0.104171875,0.09145625,0.29843437500000003,-0.1829,0.1733515625,0.1484703125,0.65415,-0.0682375,0.1381640625,0.0742546875,0.2975671875,-0.086440625,0.31008125,64
14AH02822-3-H&E-PYN-Lvl-1.txt,18.0,8.0,2317.111049723757,1060.4265193370165,20.425524861878454,18.048906629834253,0.7946243093922651,6.598006629834254,4.297808839779005,0.7126370165745857,0.6548011049723758,152.71158453038674,0.2147867403314917,1.144971270718232,0.2386011049723757,0.9063696132596685,0.0381171270718232,9.33547955801105,0.08534530386740331,0.22373756906077347,-0.19877348066298342,0.42251215469613257,67.53779005524862,31.360042541436464,0.8399922651933702,11.292453038674033,8.062164640883978,0.6556055248618784,0.2982596685082873,0.2908779005524862,1.151296132596685,-0.09403149171270718,0.12332872928176797,0.10358453038674033,0.329585635359116,-0.20601712707182318,0.13697845303867404,0.1347950276243094,0.6129900552486188,-0.09403149171270718,0.16202486187845302,0.08274585635359116,0.3295110497237569,-0.09207569060773481,0.3018121546961326,181
14AH02822-3-H&E-PYN-Lvl-1.txt,18.0,9.0,2312.6966666666667,1182.0146666666667,20.8572,17.757186666666666,0.820784,6.582839333333333,4.244731333333333,0.715462,0.5983906666666666,141.02961133333332,0.20094866666666666,1.0195326666666666,0.20102666666666666,0.8185060000000001,0.08155933333333333,20.212220000000002,0.07575333333333333,0.246712,-0.11579333333333333,0.36249666666666663,70.24199999999999,31.722991333333333,0.8573446666666666,11.417030666666665,8.211394666666667,0.6509846666666667,0.24597866666666665,0.27749666666666667,1.026318,-0.099242,0.15223533333333333,0.09851,0.345756,-0.13169533333333333,0.09191466666666667,0.12005199999999999,0.4987033333333333,-0.099242,0.1836013333333333,0.082588,0.34556400000000004,-0.04601,0.293624,150
14AH02822-3-H&E-PYN-Lvl-1.txt,18.0,10.0,2311.525806451613,1305.5290322580645,25.311290322580643,19.8755688172043,0.794105376344086,7.456054838709678,4.531076344086022,0.7395870967741935,0.4609247311827957,135.55968709677418,0.14895376344086023,0.7753000000000001,0.14293763440860216,0.6323569892473118,0.15556021505376344,45.00786344086022,0.06182150537634408,0.2949236559139785,-0.009660215053763441,0.30458709677419354,79.09838709677419,33.79548924731183,0.8539107526881721,12.267627956989248,8.614779569892473,0.6502956989247312,0.19890322580645162,0.2167806451612903,0.7897849462365591,-0.10783978494623656,0.203594623655914,0.08951612903225806,0.3857440860215054,-0.04602795698924731,0.07728494623655914,0.10762903225806451,0.4378860215053763,-0.1078010752688172,0.229,0.07830430107526883,0.38523333333333337,0.012980645161290326,0.31428279569892476,93
14AH02822-3-H&E-PYN-Lvl-1.txt,18.0,11.0,2315.658653846154,1442.7942307692308,24.332884615384614,19.968927884615386,0.763473076923077,7.4794,4.5022625,0.7415701923076923,0.41434326923076925,121.8870951923077,0.1363798076923077,0.710910576923077,0.12582596153846154,0.5850778846153847,0.18879230769230768,50.792161538461535,0.06147307692307692,0.32572788461538466,0.03223461538461538,0.29349423076923076,79.52884615384616,34.01693269230769,0.8424471153846155,12.300300961538461,8.669118269230768,0.6522894230769231,0.1757096153846154,0.19794230769230767,0.7142557692307693,-0.11562211538461538,0.24054038461538463,0.08639423076923076,0.4123076923076923,-0.011712499999999999,0.06626057692307692,0.1006125,0.39002980769230766,-0.11562211538461538,0.26686826923076923,0.07357403846153845,0.41226826923076926,0.052561538461538465,0.3014048076923077,104
14AH02822-3-H&E-PYN-Lvl-1.txt,18.0,12.0,2311.9593220338984,1545.9186440677965,22.99576271186441,19.234642372881357,0.7800169491525424,7.374594915254237,4.199086440677966,0.751571186440678,0.40126949152542374,110.94574915254238,0.1551271186440678,0.7344847457627119,0.09150000000000001,0.6429847457627119,0.18378983050847458,46.341796610169496,0.06297118644067796,0.326864406779661,0.024537288135593225,0.30232542372881355,82.14101694915254,34.17258644067796,0.8606152542372881,12.399662711864407,8.656257627118643,0.6602796610169491,0.14092203389830507,0.20102881355932203,0.7370084745762712,-0.12441525423728815,0.2277084745762712,0.09034406779661018,0.41040169491525424,-0.030342372881355932,0.03715084745762712,0.09088983050847457,0.3509525423728813,-0.12436271186440677,0.2469237288135593,0.08320677966101696,0.41040169491525424,0.01973050847457627,0.2741457627118644,59
14AH02822-3-H&E-PYN-Lvl-1.txt,19.0,7.0,2415.35,988.0320833333334,19.485,17.498475,0.8061958333333333,6.447870833333333,4.0950999999999995,0.7040625,0.6996625,155.20174166666666,0.20472916666666666,1.1659083333333333,0.2935291666666667,0.8723875,-0.00735,-1.764,0.08659166666666666,0.18052916666666666,-0.25053333333333333,0.43106249999999996,64.91250000000001,30.662441666666666,0.838175,11.145158333333333,7.727433333333334,0.6636458333333334,0.33068749999999997,0.3035083333333333,1.1659083333333333,-0.06730416666666666,0.07111666666666668,0.10327083333333333,0.2794625,-0.25605,0.14960833333333332,0.1342875,0.6671583333333334,-0.06730416666666666,0.11232916666666666,0.07898333333333334,0.2780666666666667,-0.14200416666666668,0.30844583333333336,24
14AH02822-3-H&E-PYN-Lvl-1.txt,19.0,8.0,2430.066847826087,1061.3358695652173,21.109891304347826,18.240061413043478,0.789288043478261,6.818464673913044,4.215607065217391,0.7401804347826086,0.6622304347826087,165.17325760869565,0.18879728260869566,1.0902233695652175,0.2683733695652174,0.8218429347826087,0.049543478260869564,10.513722282608695,0.07734728260869565,0.21726521739130433,-0.16895597826086958,0.3862195652173913,65.11842391304347,31.08809456521739,0.8284874999999999,11.356851630434782,7.818686413043479,0.6691548913043478,0.3341782608695652,0.2799304347826087,1.0919222826086956,-0.07445380434782609,0.1353157608695652,0.09691630434782608,0.32518043478260866,-0.1757092391304348,0.1703125,0.1381625,0.6217951086956522,-0.07445380434782609,0.17822391304347826,0.07119021739130435,0.3251396739130435,-0.05653152173913043,0.3204315217391304,184
14AH02822-3-H&E-PYN-Lvl-1.txt,19.0,9.0,2436.2565934065933,1190.6379120879121,20.077912087912086,17.515204395604396,0.8184615384615385,6.536080219780221,4.140770879120879,0.7225109890109891,0.6407791208791208,147.48197527472527,0.19878516483516484,1.0628582417582417,0.23270274725274726,0.8301582417582417,0.06236813186813187,13.97169065934066,0.08246703296703296,0.24145,-0.15673186813186815,0.3981736263736264,65.5739010989011,30.94750054945055,0.8437714285714285,11.208501648351648,7.916653296703296,0.6533609890109889,0.2909527472527473,0.2815357142857143,1.06789010989011,-0.07503846153846154,0.14223846153846154,0.09866648351648352,0.33534010989010987,-0.17068296703296704,0.13279395604395605,0.12677967032967033,0.5359840659340659,-0.07503846153846154,0.17850714285714286,0.07766703296703296,0.33514175824175824,-0.05705604395604395,0.30654945054945054,182
14AH02822-3-H&E-PYN-Lvl-1.txt,19.0,10.0,2441.2986111111113,1304.9854166666667,23.0475,18.74003888888889,0.8105812499999999,7.049111111111111,4.340776388888889,0.7404458333333334,0.5539909722222222,147.09251944444446,0.17326458333333333,0.9171145833333334,0.18796458333333332,0.7291472222222223,0.11954166666666666,31.19731527777778,0.06972361111111111,0.27873125000000004,-0.06574652777777777,0.3444784722222222,73.57499999999999,32.59398263888889,0.8472909722222223,11.863778472222222,8.244184722222222,0.6735125,0.23130069444444443,0.25822569444444443,0.9212243055555555,-0.1043125,0.20915625000000002,0.09620694444444444,0.3880472222222222,-0.07873333333333334,0.08409305555555556,0.11695694444444443,0.4686930555555555,-0.1043125,0.2505145833333333,0.07021319444444445,0.3880472222222222,0.02683888888888889,0.30999791666666665,144
14AH02822-3-H&E-PYN-Lvl-1.txt,19.0,11.0,2430.755128205128,1451.4089743589743,24.794999999999998,19.736235897435897,0.7822025641025642,7.393869230769231,4.507542307692308,0.7473730769230769,0.46892948717948724,140.88944102564102,0.1551076923076923,0.8010551282051283,0.1446397435897436,0.6564064102564102,0.17524102564102564,47.376778205128204,0.06778076923076923,0.3266948717948718,0.0037128205128205125,0.32297820512820513,82.14,34.46867820512821,0.854976923076923,12.415514102564103,8.804428205128206,0.6584551282051282,0.1958025641025641,0.21942820512820513,0.8072205128205129,-0.11362692307692307,0.2352679487179487,0.09047051282051283,0.4227576923076923,-0.03447307692307692,0.07922051282051282,0.10990384615384616,0.42751794871794874,-0.11362692307692307,0.26311153846153845,0.07733717948717948,0.4224025641025641,0.030903846153846153,0.2939538461538462,78
14AH02822-3-H&E-PYN-Lvl-1.txt,19.0,12.0,2434.8557522123897,1556.0902654867257,23.64371681415929,19.266637168141592,0.7895495575221239,7.259753982300885,4.433675221238937,0.749916814159292,0.4832619469026549,131.21296991150442,0.14668230088495574,0.7978150442477876,0.16483274336283188,0.632983185840708,0.16121769911504424,42.94388938053097,0.06195840707964602,0.3108637168141593,0.00575929203539823,0.3051008849557522,72.91672566371682,32.589521238938055,0.842437168141593,11.888814159292036,8.154068141592921,0.6841592920353983,0.21563185840707963,0.22520176991150442,0.8072168141592921,-0.10715929203539823,0.22826902654867257,0.08886637168141592,0.4057840707964602,-0.029558407079646017,0.08763716814159292,0.11551681415929203,0.4480672566371681,-0.10715929203539823,0.2619769911504425,0.07316194690265487,0.40564424778761066,0.04308407079646018,0.3233008849557522,113
14AH02822-3-H&E-PYN-Lvl-1.txt,19.0,13.0,2472.048,1675.2679999999998,21.2634,18.256338,0.801872,6.854464,4.18156,0.719182,0.38556399999999996,97.756684,0.142422,0.7001139999999999,0.08805400000000001,0.6120519999999999,0.19328,44.80231800000001,0.059932,0.330386,0.038958,0.291426,76.90859999999999,32.993548000000004,0.8702179999999999,11.943192,8.502642,0.6559520000000001,0.12790200000000002,0.19829,0.7001139999999999,-0.12689399999999998,0.25916,0.08673,0.42008,-0.007002,0.02244,0.089194,0.34522800000000003,-0.12689399999999998,0.286894,0.070022,0.42008,0.063114,0.27960999999999997,50
14AH02822-3-H&E-PYN-Lvl-1.txt,20.0,8.0,2566.344585987261,1066.5904458598727,19.977707006369428,17.87803694267516,0.7841987261146497,6.6470515923566875,4.157335031847134,0.7358847133757962,0.6861993630573249,158.70451210191084,0.22952866242038217,1.200143949044586,0.227243949044586,0.9728974522292994,0.019561146496815285,4.306128025477707,0.08930955414012738,0.2115420382165605,-0.22732165605095542,0.43887070063694267,65.96942675159237,31.25244649681529,0.8302783439490447,11.363316560509555,7.873703184713375,0.6768770700636942,0.31074394904458597,0.308140127388535,1.202888535031847,-0.08739808917197453,0.11008343949044587,0.10747070063694268,0.3233299363057325,-0.2357980891719745,0.14198025477707008,0.14612738853503185,0.667740127388535,-0.08739808917197453,0.15143375796178343,0.08168853503184714,0.32296815286624203,-0.0935547770700637,0.30100891719745226,157
14AH02822-3-H&E-PYN-Lvl-1.txt,20.0,9.0,2563.2582781456954,1176.5205298013245,20.32748344370861,17.660773509933776,0.8093019867549669,6.501460264900662,4.252475496688741,0.7035576158940398,0.6393503311258278,150.25015894039737,0.2129430463576159,1.085069536423841,0.2046086092715232,0.8804576158940397,0.062020529801324505,14.553521192052981,0.08692913907284769,0.25643973509933776,-0.16214701986754967,0.41858807947019866,68.44708609271524,31.598887417218542,0.841158940397351,11.377355629139073,8.09532715231788,0.6670602649006623,0.2764423841059603,0.28940529801324505,1.0919119205298013,-0.09099205298013245,0.14167615894039737,0.10361920529801324,0.3478920529801325,-0.17918344370860928,0.11717880794701986,0.12646490066225166,0.5578298013245033,-0.09099205298013245,0.17684900662251657,0.08325033112582782,0.3478317880794702,-0.059254966887417215,0.29280993377483444,151
14AH02822-3-H&E-PYN-Lvl-1.txt,20.0,10.0,2555.478703703704,1306.3851851851853,21.679166666666667,18.245374074074075,0.812775,6.789733333333333,4.325135185185185,0.7111694444444444,0.5868148148148148,145.25722685185187,0.2055537037037037,1.0156166666666666,0.1677212962962963,0.8478962962962963,0.0953638888888889,24.959326851851852,0.08503518518518519,0.28020185185185187,-0.13101203703703704,0.4112148148148148,73.43583333333333,32.51740833333333,0.8551481481481481,11.73069537037037,8.341078703703703,0.653050925925926,0.2281287037037037,0.2746018518518519,1.0178472222222221,-0.09882129629629631,0.1658314814814815,0.10515092592592594,0.3670435185185185,-0.15154074074074073,0.07905833333333333,0.11204166666666666,0.4885759259259259,-0.09882129629629631,0.19643703703703702,0.08632037037037037,0.36678240740740736,-0.03760277777777778,0.291925,108
14AH02822-3-H&E-PYN-Lvl-1.txt,20.0,11.0,2564.577319587629,1436.343298969072,23.622680412371135,19.515529896907218,0.7754577319587628,7.342797938144329,4.372521649484536,0.7505835051546392,0.5390783505154639,149.4765907216495,0.18178247422680413,0.9154865979381444,0.14548041237113402,0.7700103092783506,0.1258721649484536,32.91542577319588,0.07914845360824742,0.30617628865979385,-0.0803,0.3864711340206185,77.85278350515465,33.868455670103096,0.841082474226804,12.282654639175258,8.458990721649485,0.676578350515464,0.2301618556701031,0.252779381443299,0.9237773195876288,-0.10639690721649485,0.19080721649484533,0.10121958762886599,0.3968175257731959,-0.10691030927835052,0.09164020618556702,0.12291443298969074,0.534620618556701,-0.10639690721649485,0.22116082474226806,0.08656597938144331,0.3966762886597938,-0.011686597938144331,0.2994639175257732,97
14AH02822-3-H&E-PYN-Lvl-1.txt,20.0,12.0,2561.5240740740737,1555.2231481481483,23.190833333333334,18.936002777777777,0.803637037037037,7.0863351851851855,4.3980546296296295,0.7257,0.4626342592592593,123.06679814814815,0.16004907407407407,0.8036703703703704,0.12525833333333333,0.6784111111111111,0.158875,41.849103703703705,0.06487037037037037,0.3065962962962963,-0.009702777777777779,0.3163018518518519,76.13083333333333,33.159616666666665,0.8524657407407408,12.047149074074074,8.459348148148148,0.6749092592592592,0.1794777777777778,0.22774629629629628,0.8093601851851852,-0.11844537037037037,0.223275,0.09010833333333333,0.4001212962962963,-0.03387592592592593,0.053441666666666665,0.10401666666666667,0.40896203703703704,-0.11844537037037037,0.25366666666666665,0.0765824074074074,0.4000851851851852,0.031681481481481484,0.3006083333333333,108
14AH02822-3-H&E-PYN-Lvl-1.txt,20.0,13.0,2567.6621052631576,1694.0105263157895,24.101052631578945,19.89944,0.758081052631579,7.627744210526316,4.320225263157895,0.7963042105263157,0.37405578947368423,106.69132947368422,0.13638736842105262,0.6802263157894737,0.0873557894736842,0.592881052631579,0.1930094736842105,50.72329578947368,0.05600842105263158,0.32337052631578944,0.0486021052631579,0.27477052631578947,78.28389473684211,33.940264210526315,0.8410663157894738,12.480094736842105,8.460716842105263,0.703742105263158,0.13325368421052633,0.19493263157894736,0.6811557894736843,-0.12901473684210527,0.26224631578947366,0.07961368421052631,0.41426,0.02039894736842105,0.02219578947368421,0.08642631578947368,0.32237473684210527,-0.12870421052631578,0.2951105263157895,0.05850631578947369,0.41364526315789474,0.10342842105263157,0.3039873684210526,95
14AH02822-3-H&E-PYN-Lvl-1.txt,20.0,14.0,2580.852727272727,1808.2381818181818,22.645636363636363,18.705965454545453,0.7962454545454546,7.006536363636364,4.355378181818182,0.7442909090909091,0.4126581818181818,107.85446,0.13028727272727272,0.713089090909091,0.11015818181818182,0.6029272727272728,0.18906363636363638,46.99239818181818,0.052087272727272725,0.3158090909090909,0.04184181818181818,0.2739709090909091,71.64981818181818,32.33343818181818,0.8398945454545454,11.78362,8.118854545454544,0.6901127272727273,0.15600363636363634,0.21272545454545452,0.7148490909090909,-0.1347509090909091,0.25912363636363633,0.08048545454545455,0.41322363636363635,0.012498181818181818,0.031712727272727274,0.10409090909090908,0.39400181818181823,-0.1347509090909091,0.2937036363636364,0.06126545454545455,0.41322363636363635,0.08216909090909091,0.3127072727272727,55
14AH02822-3-H&E-PYN-Lvl-1.txt,20.0,15.0,2566.3753246753245,1947.0584415584415,23.44090909090909,19.65723116883117,0.7693818181818183,7.5698207792207794,4.240033766233766,0.7890025974025974,0.3237909090909091,87.54255194805195,0.1178922077922078,0.5918558441558441,0.06757662337662337,0.5242948051948052,0.20417142857142856,53.210848051948055,0.051084415584415586,0.3273857142857143,0.06494545454545454,0.26244415584415587,77.85116883116883,33.91965194805195,0.8389064935064935,12.512997402597403,8.420157142857143,0.6904896103896103,0.10923636363636365,0.1735012987012987,0.5918558441558441,-0.13202987012987014,0.26284025974025976,0.07384675324675326,0.40892987012987014,0.03224805194805195,0.011101298701298702,0.0811064935064935,0.2741064935064935,-0.13202987012987014,0.2902597402597403,0.05936883116883117,0.40892987012987014,0.09669610389610389,0.3039987012987013,77
14AH02822-3-H&E-PYN-Lvl-1.txt,20.0,16.0,2568.9764705882353,2039.2411764705882,22.867941176470588,18.916023529411767,0.7892705882352942,7.144076470588235,4.342829411764706,0.7475323529411765,0.37634411764705883,105.12801470588235,0.12118529411764707,0.6518735294117648,0.10447058823529412,0.547414705882353,0.19636470588235294,48.07991764705883,0.05772352941176471,0.32926470588235296,0.03619117647058824,0.2930735294117647,76.53176470588235,33.02915882352941,0.8654764705882353,12.016217647058824,8.46180294117647,0.680520588235294,0.15629411764705883,0.18113529411764706,0.6576558823529413,-0.11245294117647059,0.23196176470588237,0.08551470588235295,0.3993529411764706,-0.018061764705882354,0.05699411764705882,0.09365,0.37271470588235295,-0.11245294117647059,0.2520705882352941,0.07641176470588235,0.39849999999999997,0.03221470588235294,0.30528823529411764,34
14AH02822-3-H&E-PYN-Lvl-1.txt,20.0,17.0,2594.9714285714285,2158.295238095238,24.137142857142855,20.60285238095238,0.7174142857142857,8.064619047619047,4.312195238095238,0.8105333333333333,0.5455857142857143,152.21686666666668,0.16936190476190477,0.8859142857142857,0.1529,0.7330095238095238,0.14003809523809524,36.88313333333333,0.06366190476190477,0.2904333333333333,-0.02721904761904762,0.31766666666666665,82.70142857142858,35.21824285714286,0.8181904761904761,13.129757142857143,8.518438095238096,0.7166571428571429,0.23524761904761904,0.25056190476190476,0.8859142857142857,-0.11091428571428572,0.21930952380952382,0.0954,0.3991,-0.0622952380952381,0.09085238095238095,0.11204761904761906,0.4847857142857143,-0.11091428571428572,0.2565809523809524,0.07388095238095238,0.3991,0.027795238095238095,0.29566190476190474,21
14AH02822-3-H&E-PYN-Lvl-1.txt,21.0,8.0,2672.9577586206897,1075.5155172413793,20.223620689655174,18.135549137931033,0.7767405172413793,6.810668103448276,4.112404310344828,0.7355456896551724,0.7017275862068966,163.2347077586207,0.24973017241379308,1.2526991379310344,0.21778620689655173,1.0349137931034482,0.014692241379310344,2.8938310344827585,0.09052586206896551,0.20633189655172413,-0.23186896551724137,0.4382094827586207,68.86939655172414,31.68099051724138,0.8346956896551725,11.595179310344827,7.931511206896552,0.688103448275862,0.3040939655172414,0.31655172413793103,1.2538275862068964,-0.0888146551724138,0.11399913793103449,0.10808965517241378,0.32078017241379314,-0.23809741379310345,0.13176724137931034,0.13414827586206896,0.6376801724137932,-0.0888146551724138,0.1574198275862069,0.07823448275862069,0.3206474137931034,-0.08711465517241379,0.29184741379310347,116
14AH02822-3-H&E-PYN-Lvl-1.txt,21.0,9.0,2682.1233082706767,1176.994736842105,20.666165413533832,18.035518796992484,0.8046563909774436,6.758087218045113,4.180727067669173,0.7263518796992481,0.7559135338345865,179.38866090225565,0.22396466165413534,1.2155684210526316,0.286596992481203,0.9289751879699247,0.04117142857142857,9.076886466165412,0.08116917293233084,0.22283082706766918,-0.17276541353383457,0.3955984962406015,67.45669172932331,31.70698345864662,0.8263894736842106,11.612533082706769,7.828272932330827,0.6992593984962405,0.3498812030075188,0.32896315789473685,1.2212248120300753,-0.08293458646616542,0.1407218045112782,0.10810225563909774,0.3463195488721804,-0.18115639097744363,0.16345939849624058,0.15169774436090225,0.6936406015037594,-0.08293458646616542,0.18762932330827067,0.07801203007518798,0.3458721804511278,-0.054348872180451126,0.3045894736842105,133
14AH02822-3-H&E-PYN-Lvl-1.txt,21.0,10.0,2687.3299212598426,1312.188188976378,23.214330708661414,19.303261417322837,0.7781653543307087,7.287351968503937,4.36631968503937,0.7475708661417323,0.562579527559055,151.85130551181103,0.17176929133858265,0.9262818897637796,0.19556850393700786,0.7307125984251969,0.11871338582677164,30.001556692913386,0.07123779527559056,0.2838118110236221,-0.07624094488188977,0.3600472440944882,73.97078740157481,32.938392913385826,0.8391543307086614,12.007200000000001,8.242928346456692,0.6765488188976378,0.26149685039370074,0.2486259842519685,0.9273763779527558,-0.07857795275590551,0.18801338582677166,0.09108503937007874,0.3702275590551181,-0.0863984251968504,0.11817952755905511,0.1180023622047244,0.50261968503937,-0.07857795275590551,0.22353307086614174,0.07279685039370079,0.37017559055118116,0.007403937007874017,0.31599212598425197,127
14AH02822-3-H&E-PYN-Lvl-1.txt,21.0,11.0,2683.918556701031,1437.581443298969,26.984226804123708,21.232438144329898,0.755079381443299,8.038682474226805,4.5797845360824745,0.7741268041237114,0.4502865979381443,140.45137422680412,0.15850515463917525,0.7958711340206186,0.12291443298969074,0.6729525773195876,0.1452938144329897,45.05514639175257,0.06282989690721649,0.2967639175257732,-0.016637113402061855,0.3134051546391753,88.16752577319588,35.83155360824742,0.8461927835051546,13.156481443298969,8.995003092783506,0.6793061855670104,0.17535051546391753,0.21883092783505156,0.7959402061855669,-0.11264845360824742,0.2093257731958763,0.08142164948453608,0.3848536082474227,-0.03174020618556701,0.05320927835051546,0.09871546391752578,0.3927134020618557,-0.11264845360824742,0.2389721649484536,0.06658247422680412,0.3845237113402062,0.04310824742268041,0.30286082474226805,97
14AH02822-3-H&E-PYN-Lvl-1.txt,21.0,12.0,2694.4896551724137,1562.9672413793105,24.250344827586208,19.328315517241382,0.7983155172413794,7.287598275862069,4.452124137931035,0.7379741379310345,0.4782905172413793,136.90081637931033,0.16476293103448275,0.8382818965517241,0.12837327586206895,0.7099077586206897,0.15631982758620688,42.17001293103448,0.06586637931034484,0.3046568965517242,-0.012809482758620688,0.3174594827586207,79.19146551724137,33.81889051724138,0.8545,12.17741896551724,8.849350862068965,0.6323551724137931,0.1937793103448276,0.23041206896551722,0.8470775862068965,-0.11423103448275862,0.21477844827586207,0.09185517241379311,0.3997577586206897,-0.048639655172413795,0.06786293103448275,0.10988362068965517,0.44684655172413795,-0.11423103448275862,0.24252844827586206,0.079325,0.39862327586206897,0.01675689655172414,0.29884224137931037,116
14AH02822-3-H&E-PYN-Lvl-1.txt,21.0,13.0,2688.910204081633,1685.7683673469387,22.760816326530612,18.85520306122449,0.7896551020408163,7.081428571428572,4.2762275510204075,0.7363163265306123,0.4094244897959184,108.55577959183672,0.14280816326530613,0.7261418367346939,0.1108826530612245,0.6152571428571428,0.18889183673469387,47.7404275510204,0.057673469387755104,0.32248163265306123,0.03835408163265306,0.2841295918367347,73.72469387755102,32.67279081632653,0.8468877551020408,11.878979591836735,8.258316326530611,0.677184693877551,0.16170714285714285,0.20231734693877554,0.7303683673469388,-0.12071530612244898,0.2512438775510204,0.08679795918367347,0.41794795918367345,-0.007139795918367348,0.050416326530612246,0.09723877551020409,0.3701367346938776,-0.12070102040816326,0.28027142857142856,0.07372448979591836,0.4176887755102041,0.06269591836734693,0.3041397959183674,98
14AH02822-3-H&E-PYN-Lvl-1.txt,21.0,14.0,2684.4086021505377,1807.6806451612902,25.366451612903226,20.277080645161288,0.760074193548387,7.654159139784946,4.477296774193548,0.7739344086021505,0.39568817204301077,116.77383978494623,0.13724408602150537,0.706905376344086,0.0991032258064516,0.607794623655914,0.1889688172043011,53.043980645161284,0.05293763440860215,0.31794301075268816,0.04743870967741935,0.2704956989247312,82.14193548387097,34.59661075268817,0.8447344086021505,12.553538709677419,8.631975268817204,0.6834903225806451,0.1524483870967742,0.19774408602150537,0.7167892473118279,-0.12638172043010754,0.25278817204301074,0.07895483870967743,0.41668602150537637,0.020970967741935482,0.04379032258064516,0.09550752688172044,0.3859258064516129,-0.12638172043010754,0.2826559139784946,0.0635236559139785,0.41668602150537637,0.0843763440860215,0.3017290322580645,93
14AH02822-3-H&E-PYN-Lvl-1.txt,21.0,15.0,2696.7168674698796,1940.6361445783132,27.073734939759035,20.94315903614458,0.7689096385542168,7.969159036144578,4.597886746987951,0.7680590361445783,0.439855421686747,139.4884253012048,0.16255301204819275,0.797633734939759,0.11213493975903614,0.6854975903614459,0.16206867469879518,48.98293373493976,0.07143132530120481,0.32358072289156625,-0.02779397590361446,0.35136626506024093,88.36807228915663,35.646769879518075,0.8533578313253012,12.992645783132529,8.90441686746988,0.676355421686747,0.16734698795180722,0.21886385542168676,0.8026180722891566,-0.11810000000000001,0.2169,0.08683132530120481,0.3934240963855422,-0.05034096385542169,0.045116867469879515,0.09498915662650602,0.403466265060241,-0.11810000000000001,0.2428674698795181,0.07460963855421686,0.3934156626506024,0.024067469879518074,0.3016048192771084,83
14AH02822-3-H&E-PYN-Lvl-1.txt,21.0,16.0,2675.4377777777777,2057.63,21.275,18.30267222222222,0.7931377777777778,6.83911,4.252701111111111,0.7422966666666667,0.5427777777777778,133.29677333333333,0.18204,0.9478711111111112,0.15296777777777776,0.7948977777777778,0.10976000000000001,26.395394444444445,0.08142666666666667,0.29601777777777777,-0.10175000000000001,0.39777222222222225,70.788,32.11979222222222,0.8435522222222223,11.654075555555556,8.092462222222222,0.6664511111111111,0.2309022222222222,0.25276777777777776,0.9504488888888889,-0.1032388888888889,0.17256222222222223,0.09964111111111112,0.3778644444444445,-0.12312444444444445,0.08876666666666666,0.11444222222222221,0.48666333333333334,-0.1032388888888889,0.20262555555555556,0.0863,0.3771966666666666,-0.03056777777777778,0.3025555555555556,90
14AH02822-3-H&E-PYN-Lvl-1.txt,21.0,17.0,2693.5376623376624,2194.2935064935064,20.25935064935065,17.92215974025974,0.7759272727272728,6.63052987012987,4.146450649350649,0.7377142857142858,0.6802246753246753,163.37486233766234,0.2328077922077922,1.1799805194805193,0.1824805194805195,0.9975090909090909,0.09591298701298702,20.349284415584414,0.08632727272727272,0.28593896103896105,-0.1375857142857143,0.4235337662337662,68.41987012987013,31.600683116883115,0.8380064935064935,11.484472727272728,7.922920779220779,0.6862337662337663,0.295674025974026,0.31800129870129873,1.1929649350649352,-0.10690389610389611,0.1916064935064935,0.11357532467532468,0.400174025974026,-0.15723506493506495,0.1262922077922078,0.1647012987012987,0.7565090909090909,-0.10690389610389611,0.23472597402597406,0.08616753246753246,0.4001064935064935,-0.024101298701298703,0.2915675324675325,77
14AH02822-3-H&E-PYN-Lvl-1.txt,21.0,18.0,2728.225,2268.505,17.8605,16.33369,0.841545,5.94578,4.18419,0.66657,0.785865,158.36531,0.32395,1.4469999999999998,0.14753,1.29947,0.012475000000000002,2.938825,0.10802,0.247315,-0.26647499999999996,0.513785,66.9195,31.141714999999998,0.854565,11.264925,7.9811499999999995,0.64578,0.27738,0.38581,1.46896,-0.112945,0.15021,0.12985,0.36225,-0.27675,0.083065,0.155165,0.77207,-0.112945,0.203015,0.08876999999999999,0.36202999999999996,-0.10313000000000001,0.26701,20
14AH02822-3-H&E-PYN-Lvl-1.txt,22.0,8.0,2823.6315789473683,1082.55,22.298684210526318,18.59625263157895,0.7969473684210526,6.792107894736842,4.381123684210526,0.7072078947368421,0.5075105263157894,135.24587368421052,0.14155263157894735,0.8131973684210526,0.20712894736842108,0.6060710526315789,0.11931842105263159,29.708984210526314,0.05702368421052632,0.25671315789473687,-0.028363157894736844,0.2850894736842105,69.85184210526316,32.443702631578944,0.822071052631579,11.864976315789473,7.884915789473684,0.7048500000000001,0.2620868421052632,0.20596052631578948,0.8131973684210526,-0.06016578947368421,0.18337894736842106,0.08644473684210525,0.3600078947368421,-0.04562105263157895,0.14771052631578946,0.10952631578947368,0.47817894736842104,-0.06016578947368421,0.21543684210526318,0.07323421052631579,0.35933947368421054,0.018265789473684207,0.31114473684210525,38
14AH02822-3-H&E-PYN-Lvl-1.txt,22.0,9.0,2814.873846153846,1203.243076923077,20.37461538461538,17.43788,0.8289984615384616,6.4676800000000005,4.19054,0.716663076923077,0.5085707692307692,119.36211692307691,0.16358923076923076,0.8619230769230769,0.17278307692307693,0.6891369230769231,0.11766615384615385,27.003824615384612,0.06418153846153847,0.2641276923076923,-0.06320615384615384,0.3273246153846154,70.39523076923076,31.849293846153845,0.8562030769230768,11.54487076923077,8.121106153846153,0.6592676923076923,0.21736153846153844,0.22752153846153847,0.8619230769230769,-0.0881723076923077,0.17996,0.08778461538461539,0.3586123076923077,-0.08663846153846154,0.09509846153846153,0.10424923076923077,0.4439446153846154,-0.08812615384615385,0.20826923076923076,0.07411692307692307,0.35831230769230765,0.002341538461538462,0.29118153846153844,65
14AH02822-3-H&E-PYN-Lvl-1.txt,22.0,10.0,2813.392366412214,1311.145038167939,22.113893129770993,18.456885496183205,0.8093778625954198,6.8025106870229015,4.435151908396946,0.6979045801526718,0.5592916030534352,138.0355358778626,0.19908931297709923,0.9710145038167939,0.1732351145038168,0.7977809160305344,0.07927404580152672,21.50405648854962,0.07466030534351145,0.24556793893129775,-0.10979007633587787,0.3553526717557252,77.01320610687023,33.18118702290076,0.8589519083969466,11.889386259541986,8.605635877862595,0.6405038167938931,0.2145290076335878,0.26387251908396947,0.9733511450381679,-0.09461679389312977,0.1448740458015267,0.08937404580152672,0.32259312977099236,-0.13021068702290076,0.07176793893129771,0.10556335877862595,0.4385595419847328,-0.09461679389312977,0.17248167938931297,0.07242137404580153,0.3217206106870229,-0.05231908396946565,0.285681679389313,131
14AH02822-3-H&E-PYN-Lvl-1.txt,22.0,11.0,2815.136082474227,1436.721649484536,24.99494845360825,20.024611340206185,0.7806391752577319,7.506257731958763,4.534527835051547,0.7274030927835051,0.40589072164948453,118.73550927835052,0.15211546391752578,0.7433628865979381,0.1031422680412371,0.6402216494845361,0.14216288659793813,40.53046907216495,0.05800412371134021,0.27570412371134023,-0.010089690721649483,0.2857865979381443,85.68371134020619,35.09600206185567,0.8570639175257732,12.720414432989692,8.870057731958763,0.6793865979381443,0.14438865979381443,0.2051061855670103,0.7474092783505154,-0.10870824742268041,0.18405463917525774,0.0792340206185567,0.3524670103092784,-0.04921030927835051,0.03358453608247423,0.08876185567010308,0.34391855670103094,-0.10870824742268041,0.2034216494845361,0.07181546391752577,0.3523247422680412,0.0009835051546391745,0.28812061855670107,97
14AH02822-3-H&E-PYN-Lvl-1.txt,22.0,12.0,2824.889,1554.6529999999998,24.6006,19.651749,0.7936369999999999,7.30605,4.56952,0.7137990000000001,0.478012,137.07636200000002,0.16253800000000002,0.83174,0.152639,0.67911,0.127002,35.528969,0.064424,0.27396,-0.043505,0.317465,79.983,34.16037,0.846617,12.427838999999999,8.627372000000001,0.6735880000000001,0.200657,0.22485600000000003,0.840679,-0.099389,0.175338,0.083258,0.357511,-0.064045,0.077053,0.10238799999999999,0.42519199999999996,-0.099389,0.19852699999999998,0.07230500000000001,0.357061,-0.002642999999999999,0.30287,100
14AH02822-3-H&E-PYN-Lvl-1.txt,22.0,13.0,2812.56,1688.78,25.85025,20.64826,0.75092625,7.70142125,4.60714625,0.7565375000000001,0.40820875,125.43573375000001,0.14282375,0.725645,0.1252125,0.60043625,0.17553875000000002,50.14317375,0.05553375000000001,0.30581625,0.027755000000000002,0.27806125000000004,85.197375,35.13178125,0.851585,12.75424625,8.8552875,0.6765675,0.17708375,0.19363999999999998,0.7500825,-0.10786375,0.22232124999999997,0.08073125,0.39531875,-0.023265,0.07836625,0.10174125,0.40828625,-0.10786375,0.24426874999999998,0.0738,0.39465249999999996,0.02141875,0.29699375,80
14AH02822-3-H&E-PYN-Lvl-1.txt,22.0,14.0,2811.221978021978,1813.7395604395604,26.754725274725274,20.590264835164835,0.7776846153846154,7.844453846153845,4.597314285714286,0.7404395604395604,0.5079362637362638,162.12835054945054,0.1688835164835165,0.8734736263736264,0.1522076923076923,0.7212725274725275,0.13386153846153845,38.316915384615385,0.06708021978021979,0.29501318681318683,-0.04088681318681319,0.3358945054945055,86.5167032967033,35.528556043956044,0.8488901098901098,12.964868131868133,8.845086813186814,0.6787494505494506,0.21416483516483517,0.23831098901098902,0.8770109890109891,-0.1110032967032967,0.19262857142857143,0.09514175824175825,0.396243956043956,-0.06791318681318682,0.08326263736263737,0.11482747252747254,0.4856032967032967,-0.11095054945054945,0.22224725274725274,0.08365164835164836,0.39615934065934066,-0.0019230769230769217,0.3011054945054945,91
14AH02822-3-H&E-PYN-Lvl-1.txt,22.0,15.0,2805.496590909091,1929.4181818181817,24.781704545454545,19.961560227272727,0.7758784090909091,7.614556818181819,4.401054545454546,0.7588090909090909,0.48569318181818183,141.1144125,0.16078636363636364,0.8303386363636364,0.14127272727272727,0.6890579545454545,0.14249431818181818,40.18565681818182,0.06640340909090908,0.29613977272727277,-0.0301125,0.32625454545454546,83.02397727272727,34.64263409090909,0.8485272727272727,12.632454545454545,8.657151136363636,0.6752284090909091,0.2105465909090909,0.22254772727272726,0.8363125,-0.0991068181818182,0.1930352272727273,0.08749431818181817,0.38095113636363637,-0.05741022727272727,0.09110795454545455,0.10672613636363636,0.4620238636363636,-0.0991068181818182,0.21625000000000003,0.07823863636363636,0.3800136363636364,0.0015170454545454534,0.2958181818181818,88
14AH02822-3-H&E-PYN-Lvl-1.txt,22.0,16.0,2815.1720930232555,2065.1476744186048,23.014883720930232,19.189705813953488,0.7790755813953488,7.254012790697675,4.356276744186046,0.7573383720930233,0.6637697674418604,177.82998604651164,0.17537790697674419,1.0296709302325582,0.2749720930232558,0.7546906976744187,0.10667209302325581,25.947409302325585,0.06636744186046512,0.264493023255814,-0.06911976744186046,0.33361511627906976,72.60906976744187,32.71636627906977,0.8364860465116278,11.900516279069768,8.244577906976744,0.6759593023255814,0.3396255813953488,0.2769069767441861,1.0333616279069768,-0.07676976744186047,0.19062325581395348,0.0995313953488372,0.3852767441860465,-0.08687558139534884,0.1799104651162791,0.14671976744186047,0.6634895348837209,-0.07676976744186047,0.2335906976744186,0.07735232558139535,0.3852767441860465,0.005302325581395349,0.32033372093023255,86
14AH02822-3-H&E-PYN-Lvl-1.txt,22.0,17.0,2762.5307692307692,2233.353846153846,21.233076923076922,18.89336923076923,0.7621692307692308,6.949215384615385,4.406123076923077,0.7323153846153846,0.5174076923076923,131.6859923076923,0.2044846153846154,0.969723076923077,0.12561538461538463,0.8440923076923077,0.1345769230769231,30.33523846153846,0.07739230769230769,0.3114230769230769,-0.05306923076923077,0.36449230769230767,75.43384615384615,32.70697692307692,0.8701384615384615,11.602692307692308,8.66473846153846,0.5812076923076923,0.20433846153846155,0.2422923076923077,0.9748615384615384,-0.10163846153846154,0.2201,0.08773846153846154,0.37590769230769233,-0.07163076923076923,0.08591538461538462,0.11256153846153846,0.5206538461538461,-0.10163846153846154,0.2533692307692308,0.06233846153846154,0.37590769230769233,0.04051538461538461,0.27945384615384616,13
14AH02822-3-H&E-PYN-Lvl-1.txt,23.0,9.0,2909.4866666666667,1195.7622222222224,25.094,20.61456888888889,0.7332466666666666,7.811186666666667,4.46641111111111,0.7498,0.5144333333333333,151.57070444444446,0.13034666666666667,0.8026488888888889,0.22796444444444444,0.5746866666666667,0.15452666666666667,42.64228444444445,0.05437777777777778,0.2802,0.004777777777777778,0.27542666666666665,76.19,33.3699,0.8344311111111111,12.350062222222222,8.304186666666666,0.6928933333333334,0.2814511111111111,0.21078666666666668,0.8071911111111111,-0.06983777777777778,0.22279555555555555,0.08151333333333333,0.3864533333333333,-0.01700222222222222,0.16562888888888888,0.1279311111111111,0.55344,-0.06983777777777778,0.25773555555555555,0.06535333333333333,0.3864533333333333,0.05056444444444444,0.3277422222222222,45
14AH02822-3-H&E-PYN-Lvl-1.txt,23.0,10.0,2933.861261261261,1308.5522522522522,23.804594594594594,19.545198198198197,0.7771684684684684,7.409174774774775,4.35647927927928,0.7626810810810811,0.5595990990990991,146.21300360360362,0.19764774774774774,0.9805414414414415,0.1644189189189189,0.8161144144144145,0.09007207207207206,26.867886486486487,0.06784144144144144,0.24029639639639638,-0.09975495495495497,0.34004414414414413,79.15297297297298,33.830824324324325,0.8494558558558558,12.28232972972973,8.581427927927928,0.6792207207207207,0.21945315315315317,0.2651108108108108,0.9848126126126127,-0.09825405405405406,0.16412882882882882,0.09192612612612612,0.34096666666666664,-0.13566576576576575,0.07245765765765766,0.1069936936936937,0.4742144144144144,-0.09825405405405406,0.19688198198198198,0.07172432432432432,0.34070360360360363,-0.02279009009009009,0.2968441441441441,111
14AH02822-3-H&E-PYN-Lvl-1.txt,23.0,11.0,2929.2060344827587,1437.7689655172414,23.65448275862069,18.921713793103446,0.822001724137931,7.027924137931034,4.545867241379311,0.7116672413793104,0.49946206896551726,136.25142931034483,0.19025086206896552,0.898123275862069,0.13198793103448275,0.7661353448275863,0.09163275862068966,24.728797413793103,0.07717844827586207,0.2631956896551724,-0.09946293103448277,0.3626620689655173,81.47637931034483,34.08395086206897,0.8676163793103449,12.235520689655173,8.758193103448276,0.6567362068965517,0.18386293103448276,0.24218189655172415,0.8987146551724138,-0.09451810344827587,0.13745431034482758,0.08622155172413792,0.32595862068965514,-0.11745344827586206,0.05108275862068966,0.09293103448275862,0.3877577586206897,-0.09451810344827587,0.15846896551724138,0.07395431034482758,0.323825,-0.049327586206896555,0.28734827586206896,116
14AH02822-3-H&E-PYN-Lvl-1.txt,23.0,12.0,2937.1666666666665,1556.3677083333332,24.12375,19.416844791666666,0.7969947916666666,7.221810416666667,4.538032291666666,0.7222239583333333,0.5263760416666666,143.85932395833333,0.19179791666666668,0.9447447916666666,0.15032291666666667,0.7944291666666666,0.09485833333333334,26.628004166666667,0.07870104166666667,0.266403125,-0.10782083333333332,0.3742302083333333,80.8078125,34.14611875,0.85279375,12.319175,8.71205,0.65605,0.21191979166666666,0.249378125,0.9451604166666666,-0.09088541666666666,0.13503125,0.08865729166666668,0.33518125,-0.13115833333333335,0.07412395833333334,0.10396875,0.4481322916666666,-0.09088541666666666,0.15474166666666667,0.07848020833333334,0.33397916666666666,-0.05924791666666667,0.2961447916666667,96
14AH02822-3-H&E-PYN-Lvl-1.txt,23.0,13.0,2933.772277227723,1682.719801980198,24.548613861386137,19.811812871287128,0.7800207920792079,7.469850495049505,4.51539900990099,0.7624079207920793,0.5964069306930693,166.8795316831683,0.20407524752475248,1.0211663366336634,0.1902792079207921,0.8308841584158416,0.1118891089108911,30.799884158415843,0.07767821782178218,0.2877475247524752,-0.08453069306930693,0.37228811881188123,82.30544554455446,34.53285841584158,0.8548475247524753,12.529729702970297,8.817619801980198,0.6696089108910891,0.25785445544554453,0.2665683168316832,1.0253524752475247,-0.08897425742574257,0.16916039603960398,0.10352673267326734,0.3799980198019802,-0.11297920792079208,0.113909900990099,0.11487920792079208,0.5367554455445545,-0.08897425742574257,0.19566633663366337,0.09345544554455446,0.3792752475247525,-0.04126534653465346,0.2967059405940594,101
14AH02822-3-H&E-PYN-Lvl-1.txt,23.0,14.0,2923.92,1801.0760000000002,23.676000000000002,19.680054666666667,0.7633493333333333,7.389654666666667,4.37872,0.74996,0.647012,174.55592800000002,0.20555199999999998,1.0903426666666667,0.21453866666666666,0.8758013333333334,0.08325333333333333,23.567693333333334,0.08333733333333333,0.27158133333333334,-0.14434533333333335,0.4159253333333333,77.2308,34.065381333333335,0.8219533333333334,12.548245333333332,8.248461333333333,0.709816,0.29694400000000004,0.28769066666666665,1.0919333333333332,-0.09160266666666667,0.16718666666666665,0.10862533333333334,0.38859733333333335,-0.15860933333333332,0.13719466666666666,0.13798666666666667,0.6204986666666666,-0.09160266666666667,0.20903866666666665,0.08238,0.3884013333333333,-0.03082,0.30298400000000003,75
14AH02822-3-H&E-PYN-Lvl-1.txt,24.0,10.0,3054.11511627907,1332.1558139534884,20.895697674418603,18.177740697674416,0.7883511627906976,6.855139534883722,4.086517441860465,0.7415406976744187,0.5973104651162792,148.69193023255812,0.19594767441860467,1.0027441860465116,0.1912302325581395,0.8115081395348837,0.07498488372093023,17.69963604651163,0.07023488372093024,0.23367558139534883,-0.10508837209302326,0.3387651162790698,68.535,32.12703488372093,0.8222802325581395,11.804908139534882,7.903320930232558,0.6914488372093023,0.25708837209302327,0.27340697674418607,1.0092906976744187,-0.08654418604651162,0.15604186046511626,0.09288488372093023,0.3386627906976744,-0.12829767441860465,0.10125813953488372,0.1194453488372093,0.5204453488372093,-0.08654418604651162,0.1951081395348837,0.06866046511627907,0.33746627906976745,-0.008743023255813954,0.30003372093023256,86
14AH02822-3-H&E-PYN-Lvl-1.txt,24.0,11.0,3062.9921985815604,1437.5205673758865,20.31382978723404,17.64198156028369,0.8157468085106383,6.555821276595745,4.2307893617021275,0.7123936170212767,0.5799347517730497,134.031790070922,0.21524822695035462,1.04357304964539,0.171622695035461,0.8719482269503546,0.050657446808510635,13.004305673758864,0.0810404255319149,0.22583475177304965,-0.1563531914893617,0.3821964539007092,71.22127659574468,32.05682695035461,0.8548744680851064,11.57408085106383,8.260630496453901,0.6586531914893616,0.23113687943262412,0.2685567375886525,1.045336879432624,-0.08481985815602837,0.11964468085106383,0.0927872340425532,0.30798865248226953,-0.16835673758865247,0.08632553191489362,0.10315673758865249,0.45601702127659577,-0.08475319148936171,0.14929645390070923,0.07387021276595744,0.3073609929078014,-0.061363829787234044,0.2835390070921986,141
14AH02822-3-H&E-PYN-Lvl-1.txt,24.0,12.0,3038.1560975609755,1540.0487804878048,21.042439024390244,18.54279024390244,0.7638926829268292,7.179670731707318,4.017921951219512,0.7940951219512196,0.525419512195122,131.41528536585366,0.18390243902439024,0.9230682926829268,0.1581780487804878,0.7648951219512196,0.10146341463414635,22.690760975609756,0.07060975609756098,0.24722439024390244,-0.07590243902439024,0.32312926829268296,76.58560975609757,33.46515853658536,0.845829268292683,12.297180487804878,8.31100975609756,0.7016365853658536,0.21446829268292683,0.2422048780487805,0.9233951219512195,-0.08902926829268293,0.15471707317073172,0.08523170731707316,0.33893658536585364,-0.1014439024390244,0.08761951219512196,0.10695365853658538,0.47199756097560974,-0.08902926829268293,0.17760487804878047,0.07275609756097562,0.33626341463414633,-0.026846341463414636,0.2723439024390244,41
14AH02822-3-H&E-PYN-Lvl-1.txt,25.0,10.0,3154.5416666666665,1349.3500000000001,21.5775,18.907179166666666,0.7612666666666666,7.1779,4.300870833333334,0.7732333333333333,0.7115166666666667,182.58922500000003,0.2901333333333333,1.4049583333333333,0.14549583333333332,1.2594625,-0.029804166666666663,-9.745133333333333,0.12284166666666667,0.235025,-0.36214166666666664,0.597175,76.8525,33.64147916666666,0.8403458333333332,12.2697875,8.571925,0.7111333333333333,0.28505416666666666,0.3340916666666667,1.4192958333333332,-0.08570833333333333,0.07036666666666666,0.128075,0.3376333333333333,-0.37662083333333335,0.11360833333333333,0.143725,0.7952291666666667,-0.08570833333333333,0.11205416666666666,0.09755416666666666,0.3376333333333333,-0.16579166666666667,0.27510833333333334,24
14AH02822-3-H&E-PYN-Lvl-1.txt,25.0,11.0,3197.6104166666664,1439.7,21.713437499999998,18.398264583333333,0.79795,6.857686458333333,4.295989583333333,0.7263427083333333,0.640778125,166.18413020833333,0.22074375000000002,1.1212239583333334,0.184884375,0.9363479166666666,0.05929270833333333,13.447761458333334,0.089915625,0.25557604166666664,-0.17256666666666667,0.42813541666666666,72.5109375,32.70675,0.8376770833333333,11.788005208333333,8.310310416666667,0.6767541666666667,0.2645885416666667,0.30307708333333333,1.13163125,-0.102115625,0.15341145833333333,0.11455729166666667,0.36128333333333335,-0.19413645833333334,0.09431979166666667,0.133028125,0.6079177083333334,-0.10206875,0.19743333333333335,0.08543229166666666,0.3610395833333333,-0.05728541666666667,0.29433333333333334,96
14AH02822-3-H&E-PYN-Lvl-1.txt,26.0,11.0,3273.2384615384617,1440.3897435897436,20.328461538461536,17.958671794871794,0.7955307692307693,6.784917948717949,4.093264102564103,0.7457923076923076,0.7307461538461538,171.88556153846153,0.24495641025641027,1.2397333333333334,0.20262820512820512,1.0371102564102563,0.017448717948717947,3.1851641025641024,0.08944102564102564,0.22684102564102565,-0.21777435897435898,0.4446282051282051,70.36384615384615,32.01740769230769,0.8481435897435896,11.540848717948718,8.259443589743588,0.6683384615384615,0.3025974358974359,0.3392102564102564,1.2400923076923076,-0.07288461538461538,0.10659230769230768,0.10936153846153847,0.3205179487179487,-0.22480000000000003,0.11904102564102563,0.15505897435897437,0.7269974358974359,-0.07288461538461538,0.1444205128205128,0.08745897435897436,0.3205179487179487,-0.12026410256410255,0.2887923076923077,39
